date,avgTa,minTa,minTaHrmt,maxTa,maxTaHrmt,mi10MaxRn,mi10MaxRnHrmt,hr1MaxRn,hr1MaxRnHrmt,sumRnDur,sumRn,maxInsWs,maxInsWsWd,maxInsWsHrmt,maxWs,maxWsWd,maxWsHrmt,avgWs,hr24SumRws,maxWd,avgTd,minRhm,minRhmHrmt,avgRhm,avgPv,avgPa,maxPs,maxPsHrmt,minPs,minPsHrmt,avgPs,ssDur,sumSsHr,hr1MaxIcsrHrmt,hr1MaxIcsr,sumGsr,ddMefs,ddMefsHrmt,ddMes,ddMesHrmt,sumDpthFhsc,avgTca,avgLmac,avgTs,minTg,avgCm5Te,avgCm10Te,avgCm20Te,avgCm30Te,avgM05Te,avgM10Te,avgM15Te,avgM30Te,avgM50Te,sumLrgEv,sumSmlEv,n99Rn,iscs,sumFogDur
2020-10-05,13.3,8.5,537,18.4,1555,0,0,0,0,0,0,10,320,1524,5.1,290,1352,2.5,2181,270,4.8,40,1410,57.3,8.6,1007.9,1020.5,2310,1016.1,1,1018.2,11.6,10.5,1200,2.92,19.44,0,0,0,0,0,2.3,0.4,14.5,2.9,17.3,17.4,18.6,19.9,20.9,22.3,22.8,21.5,18.3,3.6,5.1,0,이상없음,0
2020-10-06,14.2,9.3,627,19.7,1529,0,0,0,0,0,0,7.8,250,1124,4.1,290,1114,2,1746,290,4.9,34,1420,55.9,8.7,1012.2,1024.9,2322,1020.5,1,1022.5,11.6,10.8,1200,2.88,19.81,0,0,0,0,0,2.5,0,14.6,4,16.9,16.8,17.9,19,20.1,22.2,22.7,21.5,18.3,3.8,5.4,0,이상없음,0
2020-10-07,16,9.9,705,22,1558,0,0,0,0,0,0,7.1,160,1350,3.4,50,1359,1.9,1673,50,4.6,24,1603,48.9,8.5,1015.8,1027.7,941,1023.9,1550,1026,11.6,8.9,1200,2.64,16.99,0,0,0,0,0,3.8,1.1,14.9,5.8,17.1,16.9,17.7,18.7,19.7,21.9,22.6,21.5,18.3,3.7,5.3,0,이상없음,0
2020-10-08,17.2,12.1,621,23.1,1511,0,0,0,0,0,0,9.7,50,1723,5.4,50,1729,3.1,2648,50,7,35,1632,53,10.1,1016.7,1029,845,1024.6,1625,1026.9,11.5,10.8,1200,2.82,19.27,0,0,0,0,0,0.1,0.1,15.9,8.5,17.6,17.3,17.9,18.7,19.5,21.6,22.5,21.5,18.3,4.6,6.6,0,이상없음,0
2020-10-09,17.2,12.4,527,23.3,1508,0,0,0,0,0,0,9.5,110,1240,5.2,50,1518,3,2561,70,7.5,42,1510,53.4,10.4,1013.2,1026.9,1,1020.5,1739,1023.4,11.5,10.6,1200,2.78,18.55,0,0,0,0,0,4.6,0.1,16.6,6.8,17.7,17.4,18,18.8,19.5,21.4,22.4,21.4,18.4,4,5.8,0,이상없음,0
2020-10-10,16.9,12.3,543,21.5,1344,0,0,0,0,0,0,6.8,110,920,3.8,20,1116,2,1749,70,8.8,41,1329,60.1,11.3,1009.7,1022.3,3,1017,1831,1019.8,11.4,7.6,1100,2.52,15.28,0,0,0,0,0,5.3,1.3,16.6,6.6,18,17.7,18.2,18.9,19.5,21.3,22.2,21.4,18.4,2.9,4.2,0,이상없음,0
2020-10-11,16.9,12.7,634,20.8,1155,0,0,0,0,0,0,6.6,50,238,4.1,50,244,1.8,1594,50,10.9,52,1156,68.5,13,1006.1,1018.5,749,1013.8,1612,1016.2,11.4,4.9,1100,2.45,11.45,0,0,0,0,0,5.8,0.5,16.1,9.7,18.2,17.9,18.3,18.9,19.5,21.1,22.1,21.4,18.4,2,2.8,0,이상없음,0
2020-10-12,16.2,12.1,2356,21.3,1411,0,0,0,0,0,0,7.5,200,1523,4.6,250,1544,2.2,1912,250,10,48,2045,68.6,12.5,1005.2,1018,2349,1013.5,1402,1015.3,11.4,7.5,1200,2.06,13.59,0,0,0,0,0,2.6,1,16.8,8,18.3,18,18.3,18.9,19.4,21,22,21.4,18.4,2.7,3.9,0,박무,0
2020-10-13,13.6,8.6,627,18.4,1459,0,0,0,0,0,0,8,320,1315,4.7,270,1319,2.2,1911,270,3.5,30,1608,52.3,7.9,1010.7,1023.1,2154,1018,1,1021,11.3,7.1,1200,2.33,14.16,0,0,0,0,0,3.5,0,14.2,1.4,16.6,16.6,17.5,18.5,19.3,20.9,21.8,21.3,18.4,2.8,4,0,이상없음,0
2020-10-14,12.8,8.5,2400,18,1327,0,0,0,0,0,0,9.4,250,1413,5.8,270,1500,2.4,2052,290,1,20,1350,47,6.9,1014.6,1026.7,2340,1022.8,1,1025,11.3,5.8,1300,2.19,12.19,0,0,0,0,0,6.6,2.9,14.3,5.1,16.2,16.2,16.9,17.9,18.8,20.8,21.7,21.3,18.4,3.2,4.6,0,채운,0
2020-10-15,11.7,6.5,644,18.5,1433,0,0,0,0,0,0,5.5,290,39,3.7,270,47,1.5,1284,50,-1.1,27,1531,41.8,5.7,1015.8,1028,823,1024.1,1525,1026.2,11.3,7.2,1200,2.4,14.48,0,0,0,0,0,6.6,0,13.1,1,15.2,15.1,16.1,17.2,18.3,20.6,21.6,21.3,18.4,2.9,4.2,0,이상없음,0
2020-10-16,11.8,8.6,615,15.4,1425,0,0,0,0,0,0,3.9,290,1328,2.5,50,754,1.5,1320,50,5.1,48,17,64.3,8.9,1013.7,1026.3,854,1021.9,1741,1024.1,11.2,0,1300,0.94,5.28,0,0,0,0,0,7.6,4.3,12.5,3.5,15,14.8,15.7,16.8,17.9,20.4,21.5,21.2,18.5,1.2,1.6,0,이상없음,0
2020-10-17,13.1,8.7,702,18.6,1508,0,0,0,0,0,0,7.2,250,1528,4.3,270,1353,1.8,1595,270,5.6,26,1553,64.3,9.2,1013,1024.8,2235,1021.6,1638,1023.4,11.2,10.1,1200,2.66,17.65,0,0,0,0,0,1,1,13.1,2,15,14.8,15.6,16.6,17.5,20.1,21.4,21.2,18.5,3.3,4.7,0,박무,0
2020-10-18,13.6,7.2,630,20.2,1352,0,0,0,0,0,0,7.1,270,1507,3.9,290,1529,2,1746,20,6.9,40,1557,65.5,10,1013.6,1026,900,1021.9,1521,1023.9,11.1,9.7,1100,2.46,15.96,0,0,0,0,0,0.5,0.5,12.9,1.7,14.9,14.7,15.5,16.5,17.4,19.9,21.2,21.2,18.5,2.8,4,0,이상없음,0
2020-10-19,15.1,9.8,700,21.3,1440,0,0,0,0,0,0,6,250,1522,3.4,250,1655,1.7,1457,20,10.1,38,1559,74.4,12.4,1014.7,1026.6,2332,1023,1442,1025,11.1,9.8,1200,2.37,15.27,0,0,0,0,0,0,0,14.3,2.9,15.8,15.4,15.9,16.6,17.3,19.7,21.1,21.1,18.5,2.7,3.8,0,박무,0
2020-10-20,15.2,9.9,647,21.7,1413,0,0,0,0,0,0,4.9,290,1434,3.1,250,1438,1.6,1341,20,8.5,38,1658,67.1,11.2,1015.4,1028.8,903,1022.7,1738,1025.7,11.1,10,1200,2.44,15.67,0,0,0,0,0,0.4,0,14.5,3.7,15.9,15.6,16.1,16.8,17.5,19.6,20.9,21.1,18.5,2.9,4.1,0,박무,0
2020-10-21,14.1,11.8,301,17.3,1529,0,0,0,0,0,0,6.2,180,1504,3.8,160,1511,1.9,1653,50,8.5,58,1206,69.4,11.1,1008.6,1023.5,11,1015.7,2339,1018.9,11,0.1,1100,0.78,4.72,0,0,0,0,0,7.3,4.3,13.7,6.6,15.7,15.5,16.1,16.8,17.5,19.5,20.8,21.1,18.5,1.2,1.7,0,이상없음,0
2020-10-22,13.5,8.4,2344,18.2,1451,0,0,0,0,1.25,0,10.4,340,2020,5.7,320,2028,2.8,2436,50,6.8,40,1520,66,10.2,1003.5,1015.7,1,1011.4,1528,1013.7,11,5.4,1300,2.03,11.01,0,0,0,0,0,4.6,3.6,15.2,5.6,15.9,15.7,16.1,16.7,17.3,19.4,20.7,21,18.5,2.7,3.9,0,박무,0
2020-10-23,8.6,5.4,713,13.3,1515,0,0,0,0,0,0,10,270,1337,5.5,290,1321,3,2566,270,-1.1,34,1549,51.5,5.6,1004.9,1017.1,2356,1013.6,1420,1015.3,10.9,9.9,1200,2.57,17.01,0,0,0,0,0,0,0,10.7,0.6,13.5,13.7,15,16.2,17.2,19.2,20.5,21,18.5,3,4.3,0,이상없음,0
2020-10-24,8.7,3.2,705,14,1538,0,0,0,0,0,0,11,290,1242,5.9,290,1212,2.5,2150,270,-2.3,27,1328,47.6,5.3,1008.7,1020.9,929,1016.8,7,1019.1,10.9,9.9,1200,2.54,16.65,0,0,0,0,0,0,0,9.4,-1.6,12.1,12.3,13.7,15.1,16.5,19.1,20.4,20.9,18.5,3.1,4.4,0,이상없음,0
2020-10-25,11.8,5.4,708,18.2,1345,0,0,0,0,0,0,6.3,250,1123,3.8,250,1318,1.7,1483,20,4,29,1507,62.5,8.3,1009.9,1021.7,902,1018.3,1501,1020.2,10.9,8.8,1100,2.21,13.83,0,0,0,0,0,2.8,0,10.9,1.6,12.8,12.7,13.5,14.7,15.9,18.9,20.3,20.9,18.5,2.4,3.4,0,이상없음,0
2020-10-26,12.9,8,618,19,1354,0,0,0,0,0,0,6.7,290,1409,4.4,320,1417,1.6,1406,20,7.4,42,1408,71.6,10.3,1009.8,1021.8,849,1018.3,1533,1020.1,10.8,9.2,1200,2.16,13.69,0,0,0,0,0,1.6,0.1,11.9,3.2,13.8,13.5,14,14.9,15.8,18.6,20.2,20.8,18.5,2.2,3.2,0,이상없음,0
2020-10-27,14,9,653,19.4,1431,0,0,0,0,0,0,5.7,290,1411,3.4,320,1516,1.8,1573,270,9,39,1456,74.1,11.6,1010.9,1022.4,2238,1020,1629,1021.2,10.8,8.3,1200,2.04,12.23,0,0,0,0,0,1.1,1.1,13.2,6,14.4,14.1,14.5,15.2,15.9,18.4,20,20.8,18.5,2.1,3.1,0,박무,0
2020-10-28,13.8,8.6,2359,18.2,1442,0,0,0,0,0,0,9.1,320,1449,4.8,270,1507,2.5,2196,270,2.8,23,1619,52.1,8.2,1012.6,1025.1,2236,1021.1,1414,1022.8,10.8,9.2,1200,2.54,15.27,0,0,0,0,0,3.8,0.9,13.8,2.1,15.3,15,15.2,15.8,16.2,18.3,19.9,20.7,18.5,3.6,5.1,0,박무,0
2020-10-29,10.8,5.5,703,16.1,1328,0,0,0,0,0,0,7.2,340,112,4.5,320,104,2,1694,270,-2.6,24,1535,40.3,5.1,1013.7,1026.2,825,1022.3,1705,1024.1,10.7,9,1200,2.39,13.77,0,0,0,0,0,3.1,0,11.5,-1.5,13,13.1,14.1,15.2,16.2,18.2,19.7,20.7,18.5,2.9,4.2,0,이상없음,0
2020-10-30,11.9,5.8,731,19.6,1512,0,0,0,0,0,0,5.6,110,1053,3.2,90,1101,1.5,1284,50,-0.8,22,1517,42.9,5.8,1015.2,1027.2,2313,1023.7,45,1025.5,10.7,9.7,1200,2.31,14.62,0,0,0,0,0,0.4,0,11.2,1.6,12.9,12.8,13.7,14.7,15.7,18.1,19.6,20.6,18.5,3.1,4.4,0,이상없음,0
2020-10-31,13.6,8.5,649,18.2,1431,0,0,0,0,0,0,10.2,200,1408,5,230,1414,2.6,2235,200,5.9,51,2,60.3,9.3,1013.9,1027.2,219,1021.5,2236,1024.3,10.7,5.8,1100,2.13,11.03,0,0,0,0,0,6.1,3.6,12.9,5.2,13.6,13.2,13.7,14.6,15.5,18,19.5,20.6,18.5,2.3,3.3,1.7,이상없음,0
2020-11-01,13.7,11.6,2359,15,1,0,0,0,0,7.17,13.6,10.8,160,909,4.5,200,808,2.3,1947,200,10.9,56,1,84.3,13.2,1009.2,1021.8,1,1017.7,1406,1019.5,10.6,0,1100,0.31,1.61,0,0,0,0,0,8.6,6.4,13.1,6.8,14.6,14.2,14.5,15.1,15.7,17.8,19.4,20.5,18.6,0.6,0.8,11.9,비,0
2020-11-29,-0.6,-3.6,613,2.6,1356,0,0,0,0,0,0,7.4,290,1923,4.5,290,1426,2.2,1892,270,-7.5,52,958,59.6,3.5,1019.3,1033,2229,1028.1,158,1030.2,9.8,1.5,1200,1.15,5.61,0,0,0,0,0,4.1,4.1,0.7,-7,3.8,3.8,5,6.6,8.5,12.9,15.5,18.8,18.3,0.9,1.3,0,이상없음,0
2020-11-02,10.8,7.9,701,15.6,1432,0,0,0,0,2.33,1.7,8.7,290,1452,4.9,250,1455,2.3,2006,270,1.7,24,1437,58.3,7.1,1010.1,1022.3,910,1019.1,2307,1020.4,10.6,9.6,1200,2.33,14.6,0,0,0,0,0,3,2,10,2.4,12.7,12.6,13.5,14.6,15.5,17.7,19.3,20.5,18.5,3.2,4.5,2.2,박무,0
2020-11-03,5.1,2.7,623,8.6,1,0,0,0,0,0.83,0.5,15.6,290,1155,8.4,290,1156,3.5,3032,270,-5.4,33,1446,47.5,4.1,1011.9,1024.1,2147,1019.6,1,1022.5,10.6,9.2,1200,2.56,15.22,0,0,0,0,0,1.5,1.5,6.1,-1.1,10.2,10.4,12,13.5,15,17.6,19.2,20.4,18.6,2.6,3.8,0,비,0
2020-11-04,4.9,0.2,714,10.8,1602,0,0,0,0,0,0,7.4,250,27,4.2,290,1045,2.3,1965,270,-7.1,20,1256,43.9,3.7,1015.2,1028.2,917,1023.9,12,1025.9,10.5,9.6,1200,2.43,15.36,0,0,0,0,0,0,0,5.2,-2.9,8.1,8.2,9.9,11.8,13.8,17.4,19.1,20.4,18.6,2.7,3.8,0,이상없음,0
2020-11-05,9.6,3.4,657,15.9,1541,0,0,0,0,0,0,4.5,50,757,3,180,1415,1.8,1559,50,2.3,41,1411,61.5,7.3,1016.7,1029.1,847,1025.2,1537,1027.2,10.5,8.4,1200,2.22,12.77,0,0,0,0,0,5.3,4.3,10.5,-1,9.6,9.2,10,11.3,13,17,18.9,20.3,18.6,2.2,3.1,0,이상없음,0
2020-11-06,13.5,9.9,657,17.2,1445,0,0,0,0,0,0,5.3,180,1501,3.3,200,1525,1.7,1478,50,6.4,49,1145,63.3,9.8,1010.9,1026.1,1,1018.5,1643,1021.2,10.5,0.3,1200,1.01,5.65,0,0,0,0,0,8.9,8.3,12.5,8.6,12.4,11.8,11.8,12.3,13.2,16.7,18.7,20.3,18.5,1.3,1.9,0.1,이상없음,0
2020-11-07,14.6,12.2,2312,18.1,1433,0,0,0,0,0.42,0.1,10.1,250,1539,4.9,270,1539,2.7,2349,230,8.4,38,1629,68.8,11.2,1007.6,1019.3,2250,1016.2,1348,1017.8,10.4,7,1200,1.89,11.01,0,0,0,0,0,3.6,3.4,14.6,7.9,13.9,13.3,13.2,13.5,13.8,16.4,18.6,20.2,18.5,2.5,3.5,0,박무,0
2020-11-08,8.5,3.1,2359,12.4,26,0,0,0,0,0,0,12,340,1948,6.2,320,1950,3.1,2636,270,-4.6,18,1551,43.8,5,1012.3,1026.3,2228,1019,18,1022.8,10.4,9.5,1200,2.36,14.66,0,0,0,0,0,0,0,9.9,-0.9,11.7,11.7,12.6,13.5,14.2,16.4,18.4,20.2,18.5,3.3,4.7,0,박무,0
2020-11-09,5.5,0.7,708,8.9,1258,0,0,0,0,0,0,6.9,290,1050,4,290,1046,1.8,1562,270,-7.2,23,1221,40.9,3.7,1015.2,1027.5,900,1024.1,1700,1025.8,10.3,6,1200,2.2,10.48,0,0,0,0,0,2.4,2.4,5.6,-4.5,9.1,9.2,10.5,12.1,13.5,16.3,18.2,20.1,18.5,2,2.8,0,이상없음,0
2020-11-10,7.7,3.5,649,12.9,1505,0,0,0,0,0,0,8,250,1550,5,290,1231,2.2,1872,270,-0.9,34,1243,56.1,5.8,1017.9,1030.4,2311,1026,1,1028.5,10.3,9.6,1200,2.21,13.61,0,0,0,0,0,0,0,7.9,-2.1,9.3,9.2,10.1,11.4,12.7,16.2,18.1,20.1,18.5,2.4,3.4,0,이상없음,0
2020-11-11,9.3,3.5,718,16.5,1448,0,0,0,0,0,0,4.1,180,1452,2.6,180,1458,1.6,1362,50,-0.2,31,1415,53.5,6.1,1021.3,1033.4,845,1030.3,1,1031.9,10.3,9.6,1200,2.1,12.96,0,0,0,0,0,0,0,8.7,0,9.6,9.4,10.1,11.2,12.4,15.9,18,20,18.5,2.3,3.3,0,이상없음,0
2020-11-12,10.4,4.6,704,17.7,1331,0,0,0,0,0,0,6.2,180,1348,3.4,200,1353,1.7,1460,20,1.6,30,1405,56.9,6.9,1019.9,1032.5,123,1027.8,1600,1030.4,10.3,9.4,1200,2.09,12.27,0,0,0,0,0,2,1,9.2,1,10.1,9.8,10.4,11.3,12.3,15.6,17.8,20,18.5,2.3,3.3,0,이상없음,0
2020-11-13,12.2,8.5,613,17.6,1444,0,0,0,0,0,0,4.9,200,1418,3,250,1421,1.6,1421,20,6.9,44,1610,71.5,10,1018.2,1029.9,1000,1026.7,1510,1028.6,10.2,5.5,1200,1.88,8.92,0,0,0,0,0,3,3,12.1,4.1,11.5,11,11.1,11.8,12.4,15.4,17.6,19.9,18.5,1.6,2.3,0,연무,0
2020-11-14,12.5,6.8,725,19.3,1459,0,0,0,0,0,0,6.7,110,1227,4,110,1248,1.7,1434,50,5.8,38,1447,66.9,9.2,1018.9,1031.5,854,1027.8,1503,1029.3,10.2,8,1200,2,11.58,0,0,0,0,0,1.3,0,10.9,2.8,11.5,11.2,11.4,12.1,12.7,15.3,17.5,19.8,18.5,2.1,3,0,박무,0
2020-11-15,11.1,8.2,709,14.9,1519,0,0,0,0,0,0,6.2,290,1424,3.7,290,1143,1.7,1480,20,6.7,61,1611,75,9.8,1017.1,1028.9,902,1026.3,1711,1027.5,10.2,6.8,1100,1.83,9.52,0,0,0,0,0,3.4,1.3,10.2,3.7,11.6,11.3,11.6,12.3,12.8,15.2,17.3,19.8,18.5,1.4,2,0,박무,0
2020-11-16,12.4,7.5,733,18.3,1438,0,0,0,0,0,0,6.2,70,2222,4.1,50,2304,1.6,1395,50,6.6,45,1511,70.1,9.8,1015.9,1028.4,931,1024.3,1648,1026.3,10.1,8.4,1200,1.89,10.76,0,0,0,0,0,2.1,0,10.9,3.5,11.5,11.2,11.5,12.2,12.8,15.2,17.2,19.7,18.5,2.1,3,0,박무,0
2020-11-17,15.9,11.7,429,20,1413,0,0,0,0,2.08,0.1,6.9,50,126,4.5,50,108,2.3,2017,70,9.7,52,1405,67.5,12.2,1013.2,1026.1,3,1021.4,1507,1023.4,10.1,1.3,1300,1.29,5.7,0,0,0,0,0,7.4,5.6,13,9.3,13.1,12.4,12.2,12.5,12.9,15.1,17.1,19.6,18.5,1.3,1.9,6.4,비,0
2020-11-18,16.6,14.8,235,18.7,1439,0,0,0,0,10.83,12.2,6,20,1159,3.6,50,1050,2.6,2233,50,15.1,77,1,91.4,17.2,1005.5,1021.6,15,1009.3,2358,1015.6,10.1,0,1000,0.44,2.63,0,0,0,0,0,9.8,5.6,15.3,13.6,14.9,14.2,13.7,13.6,13.6,15.1,17,19.6,18.5,0.6,0.9,89.9,비,0
2020-11-19,13.6,6.9,2343,19.1,255,0,0,0,0,14.17,86.9,13.4,180,516,7.3,230,834,4.2,3657,270,12,78,2025,90.5,14.9,998,1013.9,2321,1003.2,1123,1008.1,10.1,0,1400,0.26,0.96,0,0,0,0,0,9.8,8.4,14.6,5.9,16,15.5,15.2,15.1,14.6,15.2,16.9,19.5,18.5,0.6,0.8,2.9,박무,0
2020-11-20,2.8,0.3,2356,7,1,0,0,0,0,4.5,0,9.7,320,211,5.6,270,231,3.2,2797,290,-1.3,68,1446,74.3,5.6,1009.3,1025.7,2348,1013.8,1,1020,10,0,1400,0.5,2.74,0,0,0,0,0,6.6,5.9,6.2,-1.8,10.6,10.9,12.4,13.7,14.7,15.2,16.3,19.4,18.5,0.7,1,0,비,0
2020-11-21,6.5,-0.3,252,12.8,1428,0,0,0,0,1.67,0.2,8.1,90,1227,4.8,50,450,2.1,1844,50,0.7,48,1436,67.9,6.6,1013.1,1026.5,903,1021.5,1845,1023.7,10,6.6,1100,2.06,10.52,0,0,0,0,0,6.1,2.8,6.5,-2.6,8.5,8.3,9.5,11.1,12.8,15.3,16.4,19.3,18.4,1.5,2.2,5,비,0
2020-11-22,5.6,1.5,2349,9.1,1,0,0,0,0,8.83,4.8,9.5,290,1822,5.7,290,1823,2.5,2160,270,2.5,66,1532,80.5,7.4,1012.4,1026.8,2351,1020.7,1434,1023,10,0.4,1400,0.73,3.61,0,0,0,0,0,7.8,6,7.3,-0.5,9.6,9.4,10.1,11.1,12.3,15.1,16.5,19.3,18.4,0.8,1.2,0,박무,0
2020-11-23,1.7,-1.5,738,5.9,1546,0,0,0,0,0,0,8,320,245,4.9,320,241,2.3,2023,290,-5.2,36,1342,61.4,4.2,1017.8,1030,2341,1026.6,6,1028.6,10,9.2,1200,2.08,12.35,0,0,0,0,0,0.3,0,2.9,-3.7,6.6,6.7,8.2,9.9,11.5,14.8,16.5,19.2,18.4,1.6,2.3,0,이상없음,0
2020-11-24,2.9,0.2,113,6.4,1627,0,0,0,0,0,0,5.3,290,1918,3.8,290,1920,1.8,1558,20,-5.4,39,1631,54.5,4.1,1018,1030.2,918,1027.3,1536,1028.8,9.9,1.3,1100,1.22,6.33,0,0,0,0,0,6.1,4.8,3.5,-2.5,6.2,6.1,7.2,8.8,10.6,14.5,16.4,19.1,18.4,1.1,1.6,0,이상없음,0
2020-11-25,4.6,0,732,9.5,1349,0,0,0,0,0,0,4.9,290,1257,3,290,1323,1.5,1282,270,-1.8,45,1159,64.1,5.4,1017,1029.1,924,1026.1,1736,1027.7,9.9,4.6,1100,1.75,8.32,0,0,0,0,0,5.4,3.1,3.5,-3.3,6.1,5.9,6.8,8.2,9.9,14.1,16.3,19.1,18.4,1.2,1.7,0,이상없음,0
2020-11-26,5.6,1.9,802,10.9,1435,0,0,0,0,0,0,6.3,320,1813,3.6,340,407,1.7,1488,270,-0.4,42,1424,66.5,5.9,1016.5,1028.5,926,1025.3,1439,1027.2,9.9,6.6,1200,1.84,9.8,0,0,0,0,0,5.5,2.3,4.4,-0.7,6.4,6.2,7,8.2,9.7,13.7,16.1,19,18.4,1.5,2.1,0,박무,0
2020-11-27,4.1,0.6,2348,7.7,1310,0,0,0,0,0.17,0,9,270,1437,5.3,250,1218,2.7,2331,270,-2.8,44,1535,61.6,5,1015.4,1028.1,2349,1024.3,1259,1026.1,9.9,5,1200,1.72,8.52,0,0,0,0,0,4.9,4.6,4.9,-1.7,6.7,6.5,7.2,8.3,9.6,13.4,15.9,18.9,18.4,1.5,2.2,0,비,0
2020-11-28,-0.1,-2.3,734,2.8,1445,0,0,0,0,0,0,8.7,290,1258,5.3,290,1304,2.8,2453,290,-9.5,30,1305,50,3,1018.3,1031.4,1027,1027.8,1633,1029.3,9.8,9,1200,2.07,11.89,0,0,0,0,0,2.9,0.5,1.2,-5.2,4.5,4.6,6,7.6,9.3,13.2,15.7,18.9,18.4,1.6,2.3,0,이상없음,0
2020-11-30,-0.2,-3.6,609,4.3,1454,0,0,0,0,0,0,6.6,250,1324,4.6,290,1301,1.9,1683,270,-7.8,38,1515,57.8,3.4,1024.1,1037.2,2304,1032.9,105,1035.1,9.8,9.1,1200,1.98,11.55,0,0,0,0,0,0,0,0.4,-7.6,2.9,2.9,4.2,5.9,7.9,12.5,15.3,18.8,18.3,1.5,2.1,0,이상없음,0
2020-12-01,1.1,-3.6,729,6.7,1358,0,0,0,0,0,0,6.1,250,1449,4,250,1415,1.9,1644,290,-10.1,24,1423,44.5,2.8,1024.7,1038.4,930,1033.5,2251,1035.6,9.8,7.3,1200,1.94,10.69,0,0,0,0,0,4.4,0.4,0.3,-7,2.8,2.7,3.8,5.4,7.4,12.2,15.1,18.7,18.3,1.8,2.6,0,이상없음,0
2020-12-02,2.4,0.5,2337,6.1,1431,0,0,0,0,0,0,5.6,290,1500,3.9,290,1506,1.8,1518,270,-9.5,25,1354,41.4,3,1020.2,1033.9,2,1028.9,1519,1031,9.8,3.4,1300,1.37,6.38,0,0,0,0,0,6.6,4,2.2,-2.7,3.9,3.5,4.2,5.4,7.1,11.8,14.8,18.6,18.3,1.4,2.1,0,이상없음,0
2020-12-03,0.7,-2.3,2350,4.2,1359,0,0,0,0,0,0,8.3,250,1553,4.9,320,2055,2.7,2333,290,-9.4,36,1410,47.1,3,1019.1,1031.6,2224,1028.5,1451,1030,9.7,9.1,1200,1.98,11.52,0,0,0,0,0,1,0,1.2,-5.1,3.4,3.2,4.1,5.4,7,11.5,14.6,18.6,18.3,1.7,2.4,0,이상없음,0
2020-12-04,-0.6,-4.6,701,4.4,1518,0,0,0,0,0,0,6.8,270,1532,4.3,250,1535,1.8,1558,290,-9.3,30,1435,53.8,3,1019.6,1031.9,828,1028.7,1416,1030.5,9.7,9,1200,1.99,11.62,0,0,0,0,0,0.9,0.6,-0.3,-8.8,2.3,2.3,3.4,4.9,6.7,11.2,14.3,18.5,18.3,1.5,2.2,0,이상없음,0
2020-12-05,2.1,-2.2,724,6.6,1207,0,0,0,0,0,0,6.3,290,1258,3.9,320,1234,1.7,1506,20,-4.2,51,1146,63.1,4.5,1019.1,1031.4,928,1028.6,1557,1029.9,9.7,5.1,1100,1.72,8.18,0,0,0,0,0,5.6,3.5,0.5,-4.8,2.5,2.2,3.1,4.5,6.3,11,14.1,18.4,18.2,1.1,1.6,0,이상없음,0
2020-12-06,4.5,1.2,750,9.1,1349,0,0,0,0,0,0,7.7,270,1505,4.3,270,1507,1.8,1539,50,-1.3,46,1245,66.9,5.6,1017.4,1029.8,12,1026.6,1315,1028.1,9.7,6,1200,1.71,8.37,0,0,0,0,0,4.3,4.3,2.1,-3.1,3.9,3.4,3.7,4.7,6.2,10.7,13.9,18.3,18.2,1.2,1.8,0,연무,0
2020-12-07,3.4,-0.7,2354,6.3,1253,0,0,0,0,0,0,10.2,340,1555,5.6,290,1314,2.6,2206,270,-4.5,37,1523,57.5,4.5,1017.6,1029.9,2354,1026.6,1424,1028.3,9.7,7.4,1200,1.57,8.93,0,0,0,0,0,3.8,2.5,3.1,-3.8,4.4,4,4.5,5.3,6.5,10.5,13.7,18.2,18.2,1.6,2.3,0,연무,0
2020-12-08,-0.5,-3.5,540,4.1,1408,0,0,0,0,0,0,6.3,320,132,3.9,320,820,2,1711,320,-10.1,28,1430,50,2.9,1018.2,1030.8,729,1027.6,1404,1029.1,9.7,8.7,1200,1.98,11.4,0,0,0,0,0,0.4,0,0.1,-7.1,2.8,2.7,3.7,5,6.5,10.3,13.4,18.2,18.2,1.6,2.3,0,이상없음,0
2020-12-09,1.5,-4.1,654,6.2,1346,0,0,0,0,0,0,4.6,50,833,3,50,842,1.5,1308,50,-6.7,35,1158,55.1,3.8,1015.9,1029.5,218,1024,2400,1026.7,9.7,5.9,1200,1.78,8.48,0,0,0,0,0,4.5,2.3,-0.3,-7.3,2.1,1.9,2.9,4.3,6,10.2,13.3,18.1,18.2,1.2,1.7,0,이상없음,0
2020-12-10,5.8,3.2,756,9.3,1500,0,0,0,0,2.58,0,6.5,180,1505,3.5,250,1451,1.7,1451,50,0.7,57,57,69.9,6.5,1011.8,1024.3,29,1021,1450,1022.4,9.6,1.1,1200,1,4.74,0,0,0,0,0,7.8,7.3,3.9,-1.3,4.5,3.8,3.7,4.5,5.8,10,13.1,18,18.1,0.8,1.1,0,눈,0
2020-12-11,5.3,2.6,712,9.4,1342,0,0,0,0,0,0,7.7,270,1652,4.5,250,1549,1.8,1531,270,1.4,57,1339,77.1,6.8,1009.1,1022.4,311,1017.8,1449,1019.7,9.6,2.4,1300,1.26,5.85,0,0,0,0,0,6.5,4.4,3.3,-2.9,4.9,4.4,4.6,5.3,6.3,9.8,12.9,17.9,18.1,1,1.5,0,박무,0
2020-12-12,2.3,-0.3,629,6.1,1432,0,0,0,0,0,0,8.7,290,1451,4.8,290,1457,2.1,1798,270,-7.1,32,1450,51.3,3.6,1009,1020.7,936,1018.6,2216,1019.7,9.6,8.6,1200,1.8,10.22,0,0,0,0,0,1.8,0.8,1.8,-4.7,4,3.8,4.4,5.4,6.5,9.7,12.7,17.8,18.1,1.6,2.3,1.9,박무,0
2020-12-13,-1.1,-6,2350,2,229,0,0,0,0,7.58,2.9,11.4,290,1930,6.1,290,1833,2.9,2529,270,-5.1,52,57,74.9,4.4,1008.4,1025.7,2344,1014.3,1217,1019.2,9.6,1.1,1500,0.66,1.9,3.2,1000,3.2,1000,3.3,5.4,4.9,0.5,-10.3,3,2.8,3.7,4.9,6.2,9.7,12.6,17.7,18.1,0.6,0.9,1,눈,0
2020-12-14,-7.7,-9.7,742,-5,1454,0,0,0,0,0,0,9.8,320,1418,5.3,290,1410,3.4,2953,290,-16.7,31,1430,49.1,1.7,1018.3,1031.7,2341,1025.6,1,1029.6,9.6,8.9,1200,2.03,11.44,0,0,1.7,1,0,0,0,-1.9,-13.8,1.1,1.2,2.5,4.1,5.7,9.6,12.5,17.6,18.1,1.2,1.6,0,이상없음,0
2020-12-15,-8.3,-11.1,756,-4.6,1524,0,0,0,0,0,0,9.1,320,1455,5.2,320,1450,2.8,2394,290,-18.9,28,1300,43,1.4,1020.5,1033.7,1000,1030,1528,1031.8,9.6,9,1200,2.01,11.61,0,0,1,1,0,0,0,-3.7,-14.7,0.3,0.3,1.6,3.2,5.1,9.4,12.3,17.5,18,1.2,1.7,0,이상없음,0
2020-12-16,-8.3,-11.2,559,-3.9,1526,0,0,0,0,0,0,8.3,290,1324,4.6,290,1406,2.6,2258,290,-18.7,29,1528,43.9,1.4,1020.6,1033.1,1049,1030.7,1642,1031.9,9.6,9,1200,1.99,11.44,0,0,0.8,1,0,0,0,-4.3,-14.7,-0.2,-0.2,1,2.7,4.5,9.2,12.2,17.4,18,1.2,1.7,0,이상없음,0
2020-12-17,-4.9,-11.1,454,0.8,1531,0,0,0,0,1.08,0,5.6,320,1149,3.7,290,1151,1.7,1478,20,-14.9,24,1507,47,2,1019.6,1033,135,1028,2342,1030.7,9.6,9,1200,1.96,11.15,0,0,0.7,1,0,2.3,2.3,-3.7,-14.9,-0.4,-0.5,0.6,2.3,4.2,8.9,12,17.3,18,1.3,1.8,0.2,눈,0
2020-12-18,-2.1,-6.4,2343,1.8,1425,0,0,0,0,7.58,0.2,9.9,340,2030,5.4,320,2034,3,2566,50,-9.7,34,1928,57,3,1017.7,1032.2,2332,1026.7,511,1028.7,9.6,5.5,1300,1.72,8.45,0.2,455,0.6,455,0.2,4.1,3.3,-1.3,-8.9,0.2,-0.2,0.5,2,4,8.6,11.9,17.2,17.9,1.3,1.8,0,눈,0
2020-12-19,-5.1,-9.6,728,-1.2,1540,0,0,0,0,0,0,9.3,320,1413,5.1,290,1422,2.4,2067,270,-15.5,26,1151,45.1,1.9,1022.4,1035.6,1011,1031.9,1,1033.6,9.6,9,1200,1.94,11.27,0,0,0,0,0,1.4,1.1,-3.5,-13.2,-0.3,-0.4,0.5,2,3.7,8.4,11.7,17.1,17.9,1.3,1.9,0,이상없음,0
2020-12-20,-3.7,-8.2,714,1.1,1549,0,0,0,0,0,0,7.6,320,1302,4.4,290,1303,2,1734,270,-13,29,1149,50.4,2.3,1021.6,1034.1,320,1031.1,1429,1032.7,9.6,9.1,1200,1.95,11,0,0,0,0,0,0,0,-3.3,-12.9,-0.3,-0.5,0.3,1.8,3.6,8.2,11.5,17.1,17.9,1.3,1.9,0,이상없음,0
2020-12-21,-1,-6,738,4.7,1500,0,0,0,0,0,0,6.7,340,1347,3.7,250,1444,1.6,1415,20,-7.2,40,1225,64.1,3.6,1018.4,1031.5,1,1027.9,1618,1029.4,9.6,8.8,1200,1.81,9.99,0,0,0,0,0,0.9,0.6,-2.4,-9.4,-0.1,-0.5,0.2,1.6,3.4,7.9,11.3,17,17.9,1.2,1.7,0,이상없음,0
2020-12-22,2,-2.5,219,7.2,1444,0,0,0,0,0,0,9.3,250,1500,4.7,270,1326,2,1735,20,-3.7,42,1449,67.6,4.7,1015.3,1028.4,1,1024.4,1433,1026.1,9.6,5.2,1300,1.52,7.83,0,0,0,0,0,4.8,4.1,-0.4,-6.1,0.2,-0.3,0.2,1.6,3.3,7.7,11.1,16.9,17.8,1.2,1.6,0,이상없음,0
2020-12-23,4.5,-0.4,440,8.5,1441,0,0,0,0,0.25,0,9.1,230,1537,5.1,230,1527,2.3,2005,50,0.6,62,1321,76.6,6.5,1011.3,1026.4,15,1018.2,2333,1022,9.6,1.7,1200,1.29,4.6,0,0,0,0,0,7.8,6,0.4,-4,0.5,-0.2,0.3,1.5,3.2,7.6,10.9,16.8,17.8,0.9,1.3,0,박무,0
2020-12-24,2.6,-2,2340,6.1,108,0,0,0,0,0,0,11.7,290,1321,6.5,290,1311,2.9,2546,270,-4.4,35,1213,61.5,4.6,1007.8,1021.4,2351,1016.6,508,1018.5,9.6,7.9,1200,1.85,9.82,0,0,0,0,0,1.3,1.3,0.7,-5.3,0.6,-0.1,0.3,1.6,3.2,7.4,10.8,16.7,17.8,1.6,2.3,0,박무,0
2020-12-25,-0.8,-4.7,755,3.5,1420,0,0,0,0,0,0,9.1,270,1407,4.7,290,1456,2.1,1791,250,-9.7,34,1059,51.9,3,1012.8,1025.1,1045,1020.9,52,1023.7,9.6,9,1200,1.91,10.88,0,0,0,0,0,0.1,0.1,-1.4,-9.1,0.5,-0.1,0.4,1.6,3.1,7.3,10.6,16.6,17.7,1.5,2.1,0,이상없음,0
2020-12-26,2.2,-2.1,404,8,1443,0,0,0,0,0,0,6.7,250,1417,3.9,270,1422,1.8,1575,20,-3.7,49,1455,65.8,4.7,1013.5,1026.4,949,1022.8,1430,1024.3,9.6,8.2,1200,1.67,8.99,0,0,0,0,0,3,2,-0.6,-6.5,0.5,-0.1,0.5,1.6,3.1,7.1,10.4,16.5,17.7,1.3,1.8,0,이상없음,0
2020-12-27,5.8,1.4,1,10,1412,0,0,0,0,1.75,0,5,70,1429,2.8,50,833,1.8,1569,70,-0.9,48,1457,62.9,5.8,1011,1024,249,1018.7,1428,1021.6,9.6,5.9,1100,1.64,8.12,0,0,0,0,0,7.5,4.9,1.4,-0.9,0.7,0.2,0.7,1.7,3.1,7,10.3,16.4,17.7,1.2,1.7,1.3,연무,0
2020-12-28,6.7,4.2,826,11.4,1344,0,0,0,0,1.33,1.3,5.9,270,1840,3.1,290,1738,1.4,1226,50,1.7,45,1618,72.1,6.9,1012.6,1024.9,1047,1021.3,4,1023.1,9.6,8,1200,1.77,9.12,0,0,0,0,0,5.3,2.4,2.7,-0.6,2.6,1.6,1.4,2.1,3.3,6.9,10.1,16.3,17.6,1.3,1.9,0,비,0
2020-12-29,0.1,-6.2,2356,4.3,6,0,0,0,0,6.25,0.2,10.2,290,2034,6.1,320,2046,2.9,2464,270,-4.7,40,2040,70.8,4.6,1011,1024,311,1020.5,2229,1021.9,9.6,0,1100,0.35,1.98,0,0,0,0,0,8.5,5.5,-0.1,-6.6,2.1,1.6,2,2.7,4,6.9,10,16.2,17.6,0.8,1.1,0.2,박무,0
2020-12-30,-10.9,-12.9,2222,-6.2,1,0,0,0,0,0,0,10.6,290,1021,6.2,270,34,4.1,3529,270,-18.1,41,1525,55.5,1.5,1012.5,1027.5,2356,1021,7,1023.8,9.6,8.3,1200,2,11.36,0,0,0,0,0,0.8,0.8,-4.4,-14,0.6,0.5,1.3,2.4,3.7,6.9,9.9,16.1,17.6,0.9,1.3,0,이상없음,0
2020-12-31,-8.9,-12.9,116,-5,1512,0,0,0,0,0.33,0,7.4,320,1406,4.2,250,1452,2.4,2105,270,-16.6,42,1244,53.9,1.7,1015.4,1028.2,357,1024.5,1731,1026.6,9.6,6,1200,1.84,9.06,0,0,0,0,0,0.4,0.3,-5,-14.5,-0.5,-0.5,0.5,1.8,3.2,6.9,9.8,16,17.5,0.8,1.2,0,눈,0
2021-01-01,-4.2,-9.8,511,1.6,1447,0,0,0,0,0,0,7.7,270,1530,4.1,270,1532,2,1723,270,-10.2,50,1140,64,2.9,1014.9,1028.1,249,1023.9,1354,1026,9.6,6.5,1100,1.74,9.54,0,0,0,0,0,3.9,3.5,-3.4,-13.3,-0.6,-0.7,0.1,1.4,2.9,6.8,9.7,15.9,17.5,1.1,1.6,0,이상없음,0
2021-01-02,-5,-8.4,805,-1.4,1346,0,0,0,0,0,0,9.9,290,1436,5.4,320,1413,2.6,2214,270,-17.1,29,1419,38.5,1.6,1018.5,1032.7,2359,1026,1,1029.6,9.6,9,1200,1.95,11.34,0,0,0,0,0,0,0,-3.9,-13.1,-0.6,-0.8,0,1.2,2.6,6.6,9.6,15.8,17.5,1.4,2,0,이상없음,0
2021-01-03,-5.6,-9.1,536,-2,1238,0,0,0,0,0,0,8.5,320,1358,4.5,270,1345,2,1696,270,-15.9,28,1219,45,1.8,1023,1035.5,901,1032.8,1,1034.3,9.7,5.5,1100,1.78,8.8,0,0,0,0,0,2.9,1.3,-4.9,-13.1,-1,-1.2,-0.3,1,2.5,6.5,9.5,15.7,17.4,1,1.5,0,이상없음,0
2021-01-04,-3.5,-8.4,656,0.3,1535,0,0,0,0,2.33,0,5.6,70,1200,3.2,50,609,1.7,1485,50,-12.2,38,1136,51.4,2.5,1020.3,1035,224,1028,2109,1031.4,9.7,4.6,1200,1.67,7.44,0,0,0,0,0,4.8,4.8,-3.3,-12.6,-1,-1.3,-0.4,0.8,2.3,6.3,9.4,15.6,17.4,0.9,1.3,0,눈,0
2021-01-05,-5.5,-9.9,2356,-2.1,1,0,0,0,0,5.42,0,9.9,340,1105,5.7,290,1131,2.9,2528,290,-14.2,30,1145,52.8,2.2,1019.2,1033,1044,1028.8,309,1030.4,9.7,8.6,1200,1.98,10.46,0,0,0,0,0,2.6,2.1,-3.2,-12.5,-0.5,-0.9,-0.4,0.8,2.2,6.2,9.3,15.5,17.3,1.2,1.7,0,눈,0
2021-01-06,-7.4,-12,702,-1.9,1547,0,0,0,0,5.33,2.3,15.9,290,2348,8.1,290,2351,2.4,2039,270,-15.9,24,1503,54.6,1.9,1012.8,1030.3,4,1016.7,2218,1024,9.7,9.1,1200,2.04,11.78,3.8,2055,3.8,2055,4,3.6,2.5,-4,-15.5,-1.7,-1.9,-0.8,0.6,2,6,9.2,15.5,17.3,1.2,1.8,2.3,눈,0
2021-01-07,-14.5,-16.5,802,-8.4,1,0,0,0,0,0,0,15.3,290,147,8.3,290,142,4.1,3563,270,-22.7,35,1447,49.9,1,1015.3,1029.1,942,1019.8,1,1026.8,9.7,0,0,0,0,0,0,3.3,1,0,0.9,0.9,-6.1,-18.9,-1.9,-2,-0.9,0.5,1.9,5.9,9.1,15.4,17.3,0.6,0.9,0,이상없음,0
2021-01-08,-14.9,-18.6,812,-10.7,1450,0,0,0,0,0,0,10.9,270,1518,6.1,290,1601,3.3,2820,290,-24.5,35,1349,44,0.9,1014.1,1027.5,433,1022.9,1449,1025.6,9.7,9.2,1200,2.09,12.38,0,0,1.1,1,0,0,0,-9.3,-20.2,-3.4,-3.4,-1.8,0.1,1.7,5.8,8.9,15.3,17.2,0.8,1.2,0,이상없음,0
2021-01-09,-12.2,-16.6,614,-7.5,1602,0,0,0,0,0,0,11.4,270,1644,6.5,290,1628,2.6,2221,270,-21.5,35,1207,46.3,1.1,1014,1027.4,2222,1023.3,1441,1025.4,9.7,9,1200,1.99,11.59,0,0,1,1,0,0.8,0.3,-8.4,-20.3,-3.7,-3.8,-2.3,-0.3,1.5,5.6,8.8,15.2,17.2,0.9,1.3,0,이상없음,0
2021-01-10,-7.7,-12.8,538,-2.7,1406,0,0,0,0,0,0,4.2,160,1409,2.6,50,1110,1.3,1153,290,-15.6,37,1351,54.4,1.9,1017,1030.3,2330,1026.1,1405,1028.2,9.8,6.2,1200,1.96,9.84,0,0,0.7,1,0,3,2.4,-6.1,-17.8,-3,-3.3,-2.4,-0.6,1.4,5.5,8.7,15.1,17.1,0.9,1.2,0,이상없음,0
2021-01-11,-6.7,-9.6,502,-4,1452,0,0,0,0,0,0,5.4,50,1122,3.5,290,209,1.9,1625,50,-12.8,50,1441,62.1,2.3,1015.5,1031,212,1023,2350,1026.7,9.8,0,1300,0.88,4.47,0,0,0.4,1,0,6.9,1.6,-5.5,-14.4,-2.4,-2.7,-2,-0.6,1.3,5.4,8.6,15,17.1,0.6,0.8,0,이상없음,0
2021-01-12,-3.9,-9.3,657,-0.5,1417,0,0,0,0,7.5,2.6,4.9,50,1207,3.4,50,908,1.8,1596,50,-7,61,1221,79.5,3.8,1006.9,1023,1,1015.1,1703,1017.9,9.8,3.6,1100,1.73,6.13,5,1955,5.1,1955,5,6.1,5.3,-4.1,-12.2,-2,-2.5,-1.9,-0.7,1.2,5.2,8.4,14.9,17.1,0.5,0.8,2.6,눈,0
2021-01-13,2,-3,430,8.3,1458,0,0,0,0,0.67,0,9,200,1552,4.9,230,1542,2.4,2054,50,-1.3,63,2341,80.3,5.7,1004.6,1020,2356,1012,1359,1015.3,9.8,6.1,1100,1.7,8.27,0,0,5,1,0,3,3,0,-7.3,-0.4,-1.1,-1,-0.4,1.2,5.1,8.3,14.8,17,1.1,1.6,0,눈,0
2021-01-14,1.7,-3.6,749,7,1506,0,0,0,0,0,0,6.5,70,1353,3.9,70,1357,2.3,1961,70,-9.2,26,1514,46.5,3.1,1011.1,1024.8,909,1019.8,2156,1021.9,9.8,8,1200,1.78,10.21,0,0,0,0,0,0,0,-0.2,-7.6,0.1,-0.6,-0.7,-0.2,1.2,5,8.2,14.7,17,2,2.8,0,황사,0
2021-01-15,4.5,-0.7,2357,9.9,1303,0,0,0,0,0.42,0.2,10.6,250,1459,5.8,230,1503,3,2632,50,-1.3,42,248,67.4,5.9,1005.6,1020,1,1011.2,1348,1016.2,9.9,0,1100,0.42,2.11,0,0,0,0,0,8.5,6.4,0.7,-2.3,0.3,-0.4,-0.5,-0.2,1.2,4.9,8.1,14.7,16.9,0.7,1,0.2,비,0
2021-01-16,-4.9,-8.7,2349,-0.7,1,0,0,0,0,0,0,9.2,250,1510,5.2,250,1519,3.3,2818,290,-11.8,34,1529,59.3,2.6,1014.8,1029.3,2352,1019.7,1,1025.9,9.9,8.9,1200,2.06,11.86,0,0,0,0,0,0.8,0.8,-1.6,-10.6,0,-0.5,-0.5,-0.1,1.2,4.8,7.9,14.6,16.9,1.3,1.8,0,박무,0
2021-01-17,-5.5,-10.8,800,-1.3,1516,0,0,0,0,5.25,0,6.7,230,1634,4,230,1612,2.3,1949,270,-12.7,29,1230,58.5,2.5,1016.4,1031.3,901,1023.5,2357,1027.5,9.9,7,1200,2.07,10.83,0.1,2100,0.1,2100,0.1,2.3,2.3,-3.9,-14.1,-1.7,-1.9,-1.1,-0.1,1.2,4.7,7.8,14.5,16.9,1,1.4,0,눈,0
2021-01-18,-3.8,-9.1,2356,0.2,1325,0,0,0,0,5.42,0.3,14.6,270,1758,8.6,290,1607,3.2,2755,290,-10.1,30,1621,64.3,3.1,1010.7,1029.3,2327,1017.1,1313,1021.7,9.9,2.5,1500,1.11,4.54,0.9,1030,1,1030,0.9,4.3,2.9,-3.3,-10.8,-1.1,-1.4,-1,-0.1,1.2,4.7,7.7,14.4,16.8,1,1.4,0.3,눈,0
2021-01-19,-6.3,-11.6,753,-0.2,1537,0,0,0,0,0,0,7.9,320,130,4.7,320,134,1.8,1551,290,-18.9,19,1604,37.9,1.4,1021.2,1034.1,1021,1029.1,6,1032.4,10,9.2,1200,2.11,12.48,0,0,0,0,0,0,0,-4.8,-14.4,-2.5,-2.7,-1.7,-0.3,1.1,4.6,7.6,14.3,16.8,1.5,2.1,0,이상없음,0
2021-01-20,-0.1,-6.6,513,7.1,1559,0,0,0,0,0,0,6.6,70,939,4.3,50,736,2.2,1910,50,-13.1,24,1600,37.8,2.3,1019.1,1033,31,1027.5,2037,1030,10,8.9,1200,2.01,11.92,0,0,0,0,0,1.9,1.1,-2,-9,-1.6,-2.1,-1.6,-0.5,1,4.5,7.6,14.2,16.7,2.1,3,0,이상없음,0
2021-01-21,4.5,2.5,1,7,1337,0,0,0,0,10.25,9.2,5.3,50,801,3.8,50,758,2.3,1971,70,-2.5,36,115,64.4,5.5,1012.6,1027.8,6,1020,2354,1023.3,10,0,1200,0.65,2.77,0,0,0,0,0,9.6,7.6,0.7,2.1,0.2,-0.6,-0.7,-0.2,1,4.5,7.5,14.1,16.7,0.7,0.9,9.3,비,0
2021-01-22,5.5,4.8,5,6.6,1356,0,0,0,0,2,0.1,4.9,70,2103,3.2,70,2116,1.7,1436,50,4.4,89,1549,92.9,8.4,1009.2,1020.9,935,1018.8,1421,1019.8,10,0,1200,0.41,2.34,0,0,0,0,0,9.5,9.5,1.9,2.4,0.6,-0.2,-0.4,-0.2,1,4.4,7.4,14.1,16.6,0.5,0.7,0,비,2.38
2021-01-23,7.6,4.8,12,12.2,1504,0,0,0,0,0,0,9.9,50,1436,5.8,70,1210,4.2,3620,70,1.4,49,1506,66,6.8,1009.8,1023.4,2348,1018.1,1429,1020.3,10.1,5.3,1400,1.66,9.72,0,0,0,0,0,6.5,3,3.6,2.6,1,0,-0.4,-0.1,1.1,4.3,7.3,14,16.6,2.1,2.9,0,박무,0
2021-01-24,7.3,2.4,758,13.9,1510,0,0,0,0,0,0,7.2,20,1,4.7,70,6,2.1,1799,70,0.6,43,1504,63.9,6.4,1015.2,1027.7,957,1023.3,14,1025.8,10.1,8.2,1200,2.12,12.4,0,0,0,0,0,3.4,0.8,3,-0.6,1.3,0.1,-0.3,-0.1,1.1,4.3,7.2,13.9,16.5,1.8,2.6,0,이상없음,0
2021-01-25,7.9,3,542,13.9,1527,0,0,0,0,0,0,5.5,70,1407,3.6,70,1408,1.9,1603,70,0.5,37,1646,62,6.4,1015.1,1029.6,240,1022.3,2135,1025.6,10.1,7.6,1400,1.75,10.74,0,0,0,0,0,6.3,0,3.3,-0.8,1.6,0.4,-0.3,-0.1,1.1,4.2,7.1,13.8,16.5,1.8,2.6,0,채운,0
2021-01-26,5.3,1.7,2357,7.4,1,0,0,0,0,6.92,1.7,6.8,320,1926,3.8,270,1652,1.9,1672,50,2.1,64,12,80.4,7.1,1009.4,1022.4,1,1017.3,1559,1020,10.1,0,1300,0.53,1.95,0,0,0,0,0,8.4,6.9,2,-2.8,1.8,0.7,-0.2,-0.1,1.1,4.2,7.1,13.7,16.5,0.5,0.8,1.7,비,0
2021-01-27,1.7,-1.8,759,6.5,1400,0,0,0,0,0,0,9,20,1259,5.2,360,1303,2.2,1937,270,-9.1,20,1314,47.6,3.2,1012.9,1025.9,1045,1021.6,2358,1023.7,10.2,8.4,1200,2.27,12.4,0,0,0,0,0,6.4,0,1.6,-6.8,0.7,0,-0.3,0,1.1,4.2,7,13.6,16.4,2.1,3.1,0,박무,0
2021-01-28,-2.6,-9.7,2352,1.4,940,0,0,0,0,1.33,2,17.5,270,1747,8.7,250,1405,4,3417,270,-11.2,35,1644,52.3,2.8,1006.5,1023.8,2354,1012.5,929,1017.4,10.2,2.3,1300,1.76,6.14,3.6,1040,3.6,1040,3.6,5.1,3.3,-0.3,-10.8,0.6,-0.1,-0.3,0.1,1.1,4.1,6.9,13.6,16.4,1.3,1.8,2,눈,0
2021-01-29,-8.8,-11.6,556,-4.9,1556,0,0,0,0,0,0,13.7,250,30,7.3,270,8,3.5,3000,270,-20.1,29,1216,40,1.3,1015.6,1028.4,1058,1023.8,1,1026.9,10.3,9.6,1200,2.32,14.42,0,0,0.7,1,0,0.3,0.3,-1.7,-12.6,0.4,-0.1,-0.3,0.2,1.2,4.1,6.9,13.5,16.3,1.4,1.9,0.2,이상없음,0
2021-01-30,-1.6,-8.1,1,5.2,1614,0,0,0,0,4.5,0.5,8.1,320,1355,4.8,290,1357,2.5,2125,50,-8.5,39,1648,60,3.3,1015,1029.5,2355,1023.7,1257,1026,10.3,6.4,1200,2.01,10.46,0.8,950,0.8,950,0.8,3.9,3.9,-0.3,-9.2,0.2,-0.2,-0.3,0.4,1.3,4.1,6.8,13.4,16.3,1.3,1.8,0.3,눈,0
2021-01-31,3.2,-3.8,542,8.7,1517,0,0,0,0,0,0,7,50,754,4.4,50,755,2,1756,70,-4.9,35,1351,57,4.3,1015.5,1030.3,256,1021.1,2358,1026.3,10.3,6.7,1100,1.95,10.92,0,0,0,0,0,4.8,3.8,0.1,-6.6,0.3,-0.2,-0.2,0.5,1.4,4.1,6.8,13.3,16.2,1.5,2.1,0.7,이상없음,0
2021-02-01,5,-2.3,2357,9.5,1320,0,0,0,0,0.83,0.7,11.4,270,2324,6.7,270,2326,2.7,2290,50,0.6,45,2343,74.5,6.9,1006.2,1022.1,2352,1012.7,1422,1016.7,10.3,1.1,1300,1.77,5.8,0,0,0,0,0,7.6,6.6,1.6,-3.6,0.5,-0.1,0,0.7,1.5,4.1,6.8,13.3,16.2,1.3,1.8,0,비,0
2021-02-02,-5.6,-8.2,756,-2.4,1,0,0,0,0,3.83,0,11.2,290,338,5.9,290,341,3.9,3353,270,-16.1,28,1103,44.1,1.8,1015.4,1028.5,2400,1022.1,1,1026.5,10.4,9.6,1200,2.38,14.69,0,0,0,0,0,1.8,1.8,-0.6,-9,0.5,-0.1,0,0.7,1.5,4.1,6.7,13.2,16.1,1.5,2.1,0,눈,0
2021-02-03,-3.2,-9.4,335,1.4,1337,0,0,0,0,6.5,3.4,8.5,270,1340,4.5,230,1347,2.2,1911,200,-9.1,43,1146,64.6,3.3,1014.5,1029.2,252,1020.1,2327,1025.5,10.4,6.6,1200,2.32,11.7,4.2,2355,4.2,2355,4.2,5,4.4,-1.4,-11.6,0.1,-0.4,0,0.7,1.5,4.1,6.7,13.1,16.1,1.3,1.8,3.5,눈,0
2021-02-04,-3.6,-7.4,732,0.7,1554,0,0,0,0,1.33,0.1,10.4,250,417,5.3,250,350,2.5,2188,270,-12.8,29,1515,50.1,2.3,1016.4,1030,1113,1020.8,1,1027.5,10.4,9.6,1200,2.43,15.33,0.2,30,4.3,30,0.2,0.1,0,-0.3,-11.2,0.4,-0.2,0,0.7,1.6,4.1,6.7,13,16.1,1.6,2.3,0,눈,0
2021-02-05,1.4,-4.4,1,6.7,1532,0,0,0,0,0,0,9.3,230,1501,5.1,200,1502,2.4,2116,200,-3.2,60,45,71.8,5,1010.2,1026.8,15,1017.2,2340,1021,10.5,2.7,1300,1.82,7.95,0,0,1.4,1,0,6,3.4,0.2,-8,0.3,-0.3,0,0.7,1.6,4.1,6.7,13,16,1,1.5,0,햇무리,0
2021-02-19,1.6,-7.1,537,8.9,1553,0,0,0,0,0,0,11.7,180,1557,5.9,230,1457,2.9,2474,200,-4,49,1227,66.9,5,1006.5,1024,108,1011.1,2345,1017.2,11,8.9,1100,2.3,14.8,0,0,0,0,0,3.3,3.3,0.5,-9.3,0.1,-0.3,0.2,1.2,2.3,4.9,6.8,12.1,15.4,1.7,2.5,0,이상없음,0
2021-02-06,6.8,4.3,1,9.5,1405,0,0,0,0,0,0,8,230,1541,4.6,180,1353,2.2,1925,200,3.6,72,1423,80.4,8,1004.8,1017.4,14,1013.9,1421,1015.3,10.5,0.1,1300,1,4.77,0,0,0,0,0,9,9,2.2,3.2,0.6,-0.1,0,0.7,1.6,4.1,6.6,12.9,16,0.8,1.1,0,박무,0
2021-02-07,3.6,-2.6,2352,7.7,1441,0,0,0,0,0,0,9.4,290,1410,5.3,250,1706,2.9,2518,270,-2.9,29,1724,67,5.4,1010.8,1025.4,2359,1016.4,1,1021.5,10.5,6,1200,2.14,11.38,0,0,0,0,0,4.4,4.4,3.2,-4.5,0.7,-0.1,0.1,0.9,1.7,4.1,6.6,12.8,15.9,1.9,2.8,0,박무,0.72
2021-02-08,-3.1,-5.4,734,0.2,1517,0,0,0,0,0,0,11.5,320,1551,6.3,320,1528,3.4,2936,290,-14,29,1328,43.6,2.1,1017.5,1030.8,2332,1025.4,1,1028.5,10.6,9.6,1200,2.5,15.91,0,0,0,0,0,0,0,0.2,-6.7,0.5,-0.1,0.3,1.2,2.2,4.2,6.6,12.8,15.9,1.9,2.7,0,이상없음,0
2021-02-09,-0.9,-6.1,415,4.7,1551,0,0,0,0,0,0,8.1,250,1450,4.8,250,1426,2,1693,250,-10,28,1401,51.9,2.9,1017.6,1030.9,105,1026.6,1645,1028.6,10.6,9.7,1200,2.41,15.46,0,0,0,0,0,0.1,0,0.5,-9.6,0.5,-0.1,0.3,1,2,4.2,6.6,12.7,15.8,1.9,2.7,0,이상없음,0
2021-02-10,3.4,-1.5,339,7.2,1509,0,0,0,0,0,0,7.7,200,1632,4.3,200,1632,2.1,1799,230,-0.7,63,1517,75.1,5.9,1014.5,1027.6,5,1023.4,1527,1025.3,10.7,0.7,1200,1.04,6.15,0,0,0,0,0,6.3,6.3,0.7,-5.4,0.6,0,0.3,1,1.9,4.2,6.6,12.6,15.8,0.9,1.3,0,박무,0
2021-02-11,5.5,1.3,615,10.9,1606,0,0,0,0,0,0,4.9,110,1137,3.1,90,1143,1.3,1142,70,0.4,47,1610,71.5,6.3,1014.6,1027.9,1036,1023.2,1727,1025.3,10.7,5.2,1200,2.18,11.22,0,0,0,0,0,5.3,1.8,2.8,-3.3,0.8,0.2,0.6,1.2,2,4.2,6.5,12.6,15.7,1.5,2.1,0,박무,0
2021-02-12,6.5,0.6,722,14,1507,0,0,0,0,0,0,5.9,250,1528,3.4,250,1909,1.7,1432,20,-1.3,29,1632,60.6,5.6,1014.3,1025.9,956,1023.6,1438,1025,10.7,9.2,1200,2.38,14.72,0,0,0,0,0,4,0,4.2,-3,2.4,1.4,1.6,2,2.6,4.3,6.5,12.5,15.7,2.4,3.4,0,연무,0
2021-02-13,7.6,1,758,15.9,1444,0,0,0,0,0,0,6.1,290,1621,3.8,290,1625,1.5,1285,20,-2.8,24,1409,50.6,5,1013.7,1027.3,811,1021.6,2342,1024.3,10.8,9.3,1200,2.27,14.36,0,0,0,0,0,1.1,0,4.5,-2.7,4,3.2,2.8,2.9,3.2,4.4,6.5,12.5,15.6,2.6,3.7,0,연무,0
2021-02-14,9.5,6.4,703,13.8,1244,0,0,0,0,0.17,0,5.4,270,2354,3.6,250,2355,1.7,1428,70,-1.3,31,1414,47.6,5.6,1004.5,1021.7,1,1010.5,2313,1014.9,10.8,1.7,1100,1.64,7.21,0,0,0,0,0,8.1,5.6,5.6,2.1,5.8,4.9,4.2,4,3.7,4.5,6.5,12.4,15.6,1.7,2.4,1.4,비,0
2021-02-15,1.2,-5.2,2339,8.2,1,0,0,0,0,5.5,1.4,14.1,270,1419,7.3,250,1622,4,3432,250,-4.9,36,1606,65.1,4.6,1001,1018.1,2338,1007.7,651,1011.7,10.8,4.3,1200,1.91,9.69,0,0,0,0,0,5.8,5.3,3.7,-6.4,5.1,4.5,4.6,4.6,4.4,4.8,6.6,12.3,15.6,1.4,2.1,0,비,0
2021-02-16,-5.1,-7,2358,-1.3,1707,0,0,0,0,5.55,1.5,12.9,290,2257,7.2,290,2353,3.2,2764,270,-12.4,32,1719,57.9,2.4,1006.2,1019.2,230,1014.5,1647,1017.2,10.9,2.8,1500,1.42,7.31,1.1,1355,1.1,1355,1.1,4,3.6,-1.7,-9,1.6,1.5,2.4,3.4,4.2,5,6.6,12.3,15.5,1.1,1.6,1.5,눈,0
2021-02-17,-8.3,-10.4,719,-5.2,1453,0,0,0,0,0.67,0,15.8,270,1414,7.5,270,1417,5,4353,270,-18.5,32,1427,44.1,1.4,1008,1021.3,2223,1017.2,1352,1019.1,10.9,9.8,1200,2.65,17.28,0,0,0.9,1,0,1.6,1.4,-2.1,-11.4,0.6,0.4,1.1,2.2,3.2,5.1,6.7,12.2,15.5,1.5,2.2,0,눈,0
2021-02-18,-5.8,-10.6,612,-0.4,1631,0,0,0,0,0,0,9.9,270,948,6.1,290,954,3.1,2651,270,-16,34,1437,44.9,1.8,1011.4,1023.6,2251,1020.8,24,1022.5,10.9,9.9,1200,2.6,17.05,0,0,0.2,1,0,0,0,-1.3,-11.5,0.1,-0.2,0.5,1.6,2.7,5.1,6.8,12.2,15.4,1.6,2.3,0,이상없음,0
2021-02-20,8.8,5.5,1,14.9,1545,0,0,0,0,0,0,6.5,180,4,3.9,200,5,2.1,1852,200,0.3,25,1755,60.4,6.5,999.5,1011.3,1029,1008.3,443,1009.9,11,7.8,1200,2.5,15.25,0,0,0,0,0,2.4,2.4,4,-0.6,0.7,-0.1,0.3,1.2,2.2,4.8,6.8,12.1,15.3,2.7,3.8,0,박무,0
2021-02-21,10.8,4.7,723,17.4,1347,0,0,0,0,0,0,10.4,180,1607,5.8,200,1802,2.8,2380,50,4.5,47,1536,66.6,8.4,999.2,1011.1,1,1007.6,1435,1009.5,11.1,9.7,1200,2.34,15.34,0,0,0,0,0,0.8,0,5.5,0.5,3.5,1.9,1.6,1.9,2.6,4.7,6.8,12.1,15.3,2.8,4,0,연무,0
2021-02-22,7.8,0.4,2358,12.6,1220,0,0,0,0,0,0,11.6,290,1537,6.5,290,2032,2.9,2472,290,-0.6,25,1700,58.3,6.5,1004.5,1023.5,2400,1010,524,1015,11.1,6.3,1200,2.25,13.04,0,0,0,0,0,2.6,2.3,6.5,-1.8,6.1,5.2,4.6,4.2,3.9,4.7,6.8,12,15.2,2.7,3.8,0,연무,0
2021-02-23,0,-3.1,733,4.3,1521,0,0,0,0,0,0,8.5,290,1343,5.3,290,1343,2.9,2478,290,-14.3,21,1547,34,2,1015.2,1028.5,932,1023.3,7,1026.1,11.1,10,1300,2.64,17.53,0,0,0,0,0,3.3,0,2.9,-5.5,3.3,2.9,3.5,4.1,4.4,5,6.7,12,15.2,2.6,3.7,0,이상없음,0
2021-02-24,2.9,-3,720,10.1,1517,0,0,0,0,0,0,4.7,290,103,3.2,290,109,1.8,1591,50,-12.2,20,1626,33,2.4,1014.7,1027.6,906,1023,1758,1025.5,11.2,8.4,1300,2.7,16.1,0,0,0,0,0,6.5,1.1,3.6,-4.7,3.3,2.7,2.9,3.5,4.1,5.2,6.8,11.9,15.2,2.7,3.8,0,이상없음,0
2021-02-25,4.2,0.7,406,8.2,1527,0,0,0,0,0,0,4.2,20,1228,2.8,50,1035,1.4,1232,50,-10.1,25,1606,35.1,2.8,1013.1,1025.6,927,1022.1,1622,1023.8,11.2,0,1300,0.92,5.22,0,0,0,0,0,8.1,3,1.6,-3.7,3.4,2.9,3,3.6,4.1,5.3,6.8,11.9,15.1,1.4,2,0,이상없음,0
2021-02-26,8.2,0.5,721,15.8,1506,0,0,0,0,0,0,7.2,20,2015,4.3,70,1110,2.3,2004,50,-7,18,1418,35,3.7,1013.3,1026.7,2353,1021,1443,1023.8,11.3,9.1,1200,2.77,18.2,0,0,0,0,0,4.5,0,5.1,-3.4,4.4,3.6,3.3,3.5,3.9,5.3,6.9,11.9,15.1,3.8,5.4,0,이상없음,0
2021-02-27,9.5,4.3,636,16.2,1601,0,0,0,0,0,0,9.5,20,945,5.6,50,950,3.4,2977,90,-1.1,32,1557,48.6,5.7,1017.8,1030.3,925,1026.2,1616,1028.4,11.3,10.3,1300,2.62,17.96,0,0,0,0,0,3.5,0,7,2.2,6.3,5.4,4.8,4.6,4.5,5.4,6.9,11.8,15,3.5,4.9,0,이상없음,0
2021-02-28,7.8,3.2,717,10.8,1607,0,0,0,0,0,0,6.8,70,235,4.3,70,242,2.1,1828,50,-2.4,38,1601,49,5.1,1015.4,1029.7,122,1022.1,2358,1026,11.3,2.6,900,1.52,7.13,0,0,0,0,0,6.1,5.5,5.4,0.8,6.1,5.4,5.3,5.3,5.2,5.5,7,11.8,15,1.4,2,16.3,이상없음,0
2021-03-01,4.7,0.5,2324,9,1,0,0,0,0,22.92,67.5,13,180,1706,6.2,50,1802,3.5,3037,50,3.1,44,18,91,7.7,1005,1022.1,10,1010.1,1401,1015.6,11.4,0,1300,0.23,1.4,2.3,2350,2.3,2350,2.3,10,8.6,4.7,-0.2,6,5.5,5.4,5.5,5.4,5.7,7,11.7,14.9,0.3,0.5,51.3,비,0
2021-03-02,2.3,0.2,352,6.9,1543,0,0,0,0,1.33,0.1,6.4,290,1552,4,340,1712,1.9,1629,50,-1.7,45,1654,75.9,5.4,1014.4,1029.4,2238,1016.7,1,1025.2,11.4,4.7,1500,2.08,12.9,0,0,2.3,1,0,5.5,5.3,5.4,-3.5,5,4.4,4.5,4.9,5.2,5.8,7,11.7,14.9,1.4,2,0,박무,0
2021-03-03,4.4,-1.2,656,9.9,1627,0,0,0,0,0,0,5.3,110,1258,3.1,200,1415,1.8,1529,20,-2.5,36,1630,64.4,5.1,1018.3,1031.9,816,1026.8,1702,1029,11.5,10.4,1100,2.5,16.52,0,0,0,0,0,4.5,0,4.5,-4,5,4.4,4.4,4.9,5.1,5.9,6.9,11.7,14.9,2.2,3.1,0,이상없음,0
2021-03-04,7.2,2.5,310,13,1559,0,0,0,0,0,0,4.9,50,610,3.6,50,613,1.9,1662,50,0.3,48,1602,62.4,6.3,1013.5,1027.5,1,1021.5,1622,1024.1,11.5,1.9,1200,1.78,9.85,0,0,0,0,0,6.3,2.8,6.2,-0.9,6,5.3,5,5.1,5.3,6,7,11.6,14.8,1.5,2.1,0,이상없음,0
2021-03-05,9,3,729,16.2,1518,0,0,0,0,0,0,8.1,230,1618,4.9,250,1618,2.1,1850,250,3.3,44,1520,70.3,7.8,1010.7,1023,2400,1018.4,1449,1021.1,11.5,10.5,1200,2.76,18.95,0,0,0,0,0,1.3,0,9.1,-2.1,7.1,6.2,5.8,5.7,5.5,6.1,7.1,11.6,14.8,2.8,4,0,이상없음,0
2021-03-06,6.6,3.2,2357,11.6,1216,0,0,0,0,0,0,10.5,50,1641,6.2,50,1426,3.3,2827,50,1,49,1232,69.5,6.7,1016.7,1030.8,2331,1022.9,2,1027.3,11.6,3.6,1100,2.1,12.71,0,0,0,0,0,4.9,1.9,7.1,0.4,7.6,7,6.8,6.6,6.2,6.2,7.2,11.5,14.7,2.2,3.2,0,박무,0
2021-03-07,6.2,2.1,659,12.2,1423,0,0,0,0,0,0,7.8,50,101,5.2,50,304,2.8,2424,50,-0.5,37,1511,62.9,5.9,1017.7,1030.7,1,1025.6,1645,1028.3,11.6,9.6,1200,2.85,18.17,0,0,0,0,0,3.5,2.6,7.9,0.1,7.3,6.6,6.4,6.5,6.4,6.4,7.3,11.4,14.7,2.5,3.6,0,이상없음,0
2021-03-08,7,1.5,706,13.9,1425,0,0,0,0,0,0,7.7,230,1639,4.9,250,1645,1.8,1583,270,-0.8,32,1437,60.3,5.8,1016.3,1029,918,1024.8,1525,1026.9,11.7,10.8,1200,2.86,19.12,0,0,0,0,0,0,0,8.1,-3,7.4,6.7,6.6,6.7,6.6,6.6,7.4,11.4,14.7,3.1,4.5,0,이상없음,0
2021-03-09,6.6,2.1,550,12.2,1433,0,0,0,0,0,0,8.2,290,1641,4.6,250,1645,2.2,1886,250,-1.6,31,1812,58.5,5.5,1015.2,1027.5,2309,1023.7,1446,1025.8,11.7,9.4,1200,2.37,15.57,0,0,0,0,0,4.3,0,6.9,-1.9,7.3,6.6,6.6,6.8,6.8,6.7,7.5,11.4,14.6,2.4,3.4,0,박무,0
2021-03-10,8.8,1.7,704,17.1,1539,0,0,0,0,0,0,5.8,70,1225,3.7,270,1842,1.8,1581,50,0.9,28,1509,61.8,6.5,1017.7,1030.6,839,1026,1706,1028.2,11.7,10.2,1200,2.85,19.1,0,0,0,0,0,0.4,0,9,-3.5,7.8,7,6.8,6.8,6.8,6.9,7.6,11.4,14.6,3.1,4.4,0,박무,0
2021-03-11,10.2,4.7,720,17.1,1436,0,0,0,0,0,0,7.3,270,1647,4.5,250,1654,1.8,1530,270,-0.6,22,1602,50.8,5.9,1015.4,1029.6,848,1022.3,2400,1025.8,11.8,7.9,1300,2.6,16.6,0,0,0,0,0,6.4,2.5,9.8,-0.4,8.8,7.9,7.6,7.4,7.1,7,7.7,11.4,14.6,3.1,4.4,0,연무,0
2021-03-12,10.5,7.2,2353,14.9,1240,0,0,0,0,2.75,0,8.4,110,1412,4.8,70,1400,2.2,1924,50,2.1,39,1234,57,7.2,1011.5,1023.8,2235,1020.7,1607,1021.9,11.8,0.1,1200,1.4,7.41,0,0,0,0,0,7,5.4,8.7,4.7,9.7,8.9,8.4,8.1,7.7,7.2,7.8,11.4,14.5,1.7,2.5,0,연무,0
2021-03-13,9.2,4.6,650,14.2,1436,0,0,0,0,0,0,7.6,250,1632,4.4,270,1617,2.2,1908,270,2,42,1338,62.8,7.1,1011.1,1024,833,1019.6,1601,1021.6,11.8,6,1300,2.14,14.87,0,0,0,0,0,5,1.9,9.9,0.8,9.2,8.4,8.1,8.1,7.9,7.4,7.9,11.3,14.5,2.3,3.4,0,연무,0
2021-03-14,9.1,4.9,701,14.7,1541,0,0,0,0,0,0,6.8,230,1301,3.9,250,1302,2.2,1879,250,3.9,48,1617,71.4,8.1,1009.6,1021.9,1025,1018.7,1604,1020.1,11.9,8.2,1200,2.71,17.99,0,0,0,0,0,3.5,1.8,10.9,1.5,9.8,9,8.6,8.4,8.1,7.6,8,11.3,14.4,2.4,3.4,0,박무,0
2021-03-15,10.6,5.1,602,15.7,1446,0,0,0,0,1.25,1.7,9.8,250,2058,5.1,230,2106,2.4,2069,230,4.5,40,1540,68.8,8.5,1005.9,1019.9,1,1013,2356,1016.2,11.9,2.7,1000,2.06,12.75,0,0,0,0,0,8.9,2.8,10.3,1.4,10.2,9.4,9,8.8,8.5,7.8,8.2,11.3,14.4,2.3,3.3,3,박무,0
2021-03-16,8.4,4.9,2356,13.1,1438,0,0,0,0,2.42,1.3,9.9,270,46,5.3,270,52,3.2,2751,290,-1.7,26,1523,52.5,5.7,1005.5,1018.6,2322,1012.3,247,1015.9,12,10.6,1200,3.01,21.13,0,0,0,0,0,1.9,0.9,11.8,1.8,10.7,9.9,9.6,9.4,8.9,8,8.3,11.3,14.4,3.7,5.2,0,비,0
2021-03-17,8.8,1.8,628,17.5,1613,0,0,0,0,0,0,6.8,250,1713,4.7,250,1714,1.8,1598,50,-2.9,21,1642,44.9,5,1008.8,1020.6,921,1017.1,1628,1019.3,12,10.7,1200,2.97,20.79,0,0,0,0,0,0.3,0,10.4,-3.1,9.6,8.9,8.9,9,9,8.2,8.4,11.3,14.3,3.7,5.3,0,황사,0
2021-03-18,11.7,5,540,18.4,1604,0,0,0,0,0,0,6.5,270,1647,4.2,250,1655,1.8,1540,50,1.3,33,1605,50.1,6.7,1009.1,1021.6,857,1017.1,1528,1019.4,12.1,8.1,1200,2.52,16.63,0,0,0,0,0,5,1.9,11.6,0.6,10.4,9.5,9.2,9.2,9,8.4,8.6,11.3,14.3,3.4,4.8,0,황사,0
2021-03-19,15.3,11.4,640,20.2,1510,0,0,0,0,0,0,7.5,140,923,4.3,290,1817,2.2,1924,70,3.9,32,1556,47.9,8.1,1008,1021,845,1014.9,1639,1018.2,12.1,8.8,1200,2.78,19.09,0,0,0,0,0,6.8,5.6,15,9.5,12.9,11.8,10.9,10.2,9.5,8.6,8.7,11.3,14.3,4.1,5.8,0,이상없음,0
2021-03-20,9.9,7.4,2346,14.7,1,0,0,0,0,10.5,5.1,9.2,140,725,4,140,732,2.2,1887,110,5,44,412,74.6,8.8,1002.9,1016.5,1,1011,1619,1013.3,12.1,0,1200,0.31,2,0,0,0,0,0,9.8,8.1,9.8,6.4,11.7,11.2,11.1,10.9,10.4,8.8,8.8,11.3,14.2,0.6,0.9,5.1,비,0
2021-03-21,5.8,3.1,2355,8.6,1427,0,0,0,0,1.5,0.3,14.8,320,1750,6.8,270,2126,4,3415,270,-0.4,44,1610,65.9,6.1,1004.5,1020,2355,1012.7,39,1015,12.2,2.9,1100,1.96,10.42,0,0,0,0,0,6.8,5.8,7.6,1.6,9.6,9.1,9.4,9.8,9.9,9.1,9,11.3,14.2,2,2.8,0.3,박무,0
2021-03-22,6.2,1.1,653,11.1,1349,0,0,0,0,0,0,12.4,200,1356,6.9,230,1534,3.2,2774,250,-2.7,26,1645,55.3,5.1,1009.9,1021.8,2352,1018.4,1645,1020.5,12.2,11.1,1200,3.21,22.58,0,0,0,0,0,0.4,0.4,9,-2.3,8.4,7.8,8.1,8.7,9.2,9.2,9.1,11.3,14.2,3.2,4.5,0,이상없음,0
2021-03-23,9.1,2.5,518,16.4,1418,0,0,0,0,0,0,12.1,270,1659,5.7,200,1437,2.5,2197,200,1.9,35,1533,63.5,7.1,1010.1,1022.6,832,1018.6,1745,1020.6,12.3,10.3,1200,2.96,20.89,0,0,0,0,0,0.3,0,10.6,-1.1,9.6,8.8,8.6,8.8,9,9.2,9.3,11.3,14.1,3.4,4.9,0,박무,0
2021-03-24,10.8,5.7,619,16.9,1513,0,0,0,0,0,0,9.3,290,1646,5.3,290,1653,2.4,2068,270,3.2,39,1455,61.5,7.7,1010,1022.1,1006,1017.6,1602,1020.4,12.3,7.9,1200,3.03,19.53,0,0,0,0,0,4.3,0.9,11.7,1.6,10.8,9.9,9.5,9.4,9.3,9.2,9.4,11.3,14.1,3.3,4.8,0,박무,0
2021-03-25,11.9,6.8,2356,19,1405,0,0,0,0,0,0,7.7,230,1525,4.9,270,1643,2.2,1892,270,5.7,40,1459,68.5,9.1,1010.8,1022.6,944,1019.6,1548,1021.1,12.3,9.7,1200,2.98,20.86,0,0,0,0,0,2.4,2.1,13.5,4,12.3,11.3,10.7,10.3,9.8,9.3,9.5,11.3,14.1,3.5,5,0,박무,0
2021-03-26,12.6,4.8,647,20.6,1543,0,0,0,0,0,0,4.2,250,1,2.9,250,4,1.4,1217,250,3,25,1725,58.4,7.7,1010.2,1023.9,752,1017.7,1658,1020.5,12.4,7.3,1300,2.44,16.98,0,0,0,0,0,5.5,1.9,13.4,-0.7,12.2,11.4,11,10.8,10.4,9.4,9.5,11.4,14,3,4.3,0,박무,0
2021-03-27,12.1,10.2,621,15,1156,0,0,0,0,13.08,25.5,8,70,1558,4.8,50,1537,2.5,2178,70,6,41,1130,70.9,9.9,999.8,1018.3,1,1001,2351,1010,12.4,0,1100,0.81,3.72,0,0,0,0,0,9.6,6,10.5,4.8,11.5,10.9,10.8,10.9,10.7,9.6,9.6,11.4,14,0.9,1.3,33.2,연무,0
2021-03-28,9,7.7,643,13,138,0,0,0,0,15,9.2,10.9,180,357,6.4,200,402,3.3,2879,200,8.3,89,1643,95.8,11,992.7,1005.1,2049,999.6,214,1003,12.5,0,1200,0.46,2.35,0,0,0,0,0,10,9.5,10.2,7.3,11.2,10.6,10.5,10.6,10.6,9.8,9.7,11.4,14,0.6,0.8,1.7,비,0.5
2021-03-29,10.2,7.3,2357,14.6,1342,0,0,0,0,2.75,0.2,11.2,270,1538,6.6,270,1541,3.3,2812,250,2.1,32,1403,62.3,7.4,998.3,1011.5,2352,1004.2,41,1008.5,12.5,7.1,1100,2.95,18.24,0,0,0,0,0,5.5,3.4,11.4,3.5,11.7,10.9,10.5,10.5,10.4,10,9.9,11.4,14,3.2,4.6,0,안개,0.33
2021-03-30,10.8,4.1,623,18.2,1548,0,0,0,0,0,0,8.1,290,1917,5.1,250,1827,2.2,1927,270,-1.3,21,1242,47.3,5.6,1002.4,1015.2,2334,1011,1717,1012.7,12.5,11.1,1200,3.35,24.53,0,0,0,0,0,0.6,0,12.6,-1.2,11.3,10.5,10.4,10.5,10.5,10,10,11.4,13.9,4.9,7.1,0,황사,0
2021-03-31,14.5,5.9,631,22.9,1535,0,0,0,0,0,0,6,270,2126,3.6,290,2124,1.8,1539,50,0.3,19,1400,41,6.3,1004.1,1015.9,1000,1012,1647,1014.2,12.6,11.4,1200,3.32,23.29,0,0,0,0,0,3.8,0,14.2,-0.3,12.5,11.5,11.1,10.9,10.7,10.1,10.1,11.4,13.9,5.4,7.7,0,이상없음,0
2021-04-01,17.7,12,651,24,1614,0,0,0,0,0,0,12.4,50,2159,6.7,50,2153,3.5,3017,50,0.5,18,1253,33,6.3,1008.1,1020.5,2238,1015.1,1,1018.1,12.6,10,1100,2.94,20.91,0,0,0,0,0,5.3,1.9,14.4,7.3,14,13,12.4,11.9,11.3,10.3,10.2,11.5,13.9,6.2,8.9,0,햇무리,0
2021-04-02,17.8,12.5,408,23,1506,0,0,0,0,0.83,0,10.9,50,12,6.4,50,13,3.2,2779,70,2,25,1220,35.6,7.1,1008.7,1021.9,705,1016.8,1612,1018.8,12.7,3.4,1100,2.77,15.37,0,0,0,0,0,8.1,7.8,15.3,10.6,14.8,13.8,13.2,12.6,11.9,10.5,10.3,11.5,13.8,4,5.8,0,비,0
2021-04-03,14.9,10.9,2353,18,1,2,1131,11.5,1110,16.53,56.2,10.3,50,2159,6.3,50,2037,3.1,2657,50,11.2,40,6,80.8,13.4,1002.1,1016.8,1,1009,1705,1012.2,12.7,0,1000,0.28,1.98,0,0,0,0,0,9.9,7.4,13.9,9.8,14.8,14.1,13.7,13.3,12.5,10.7,10.4,11.5,13.8,0.7,1,56.8,비,0
2021-04-04,11.9,9,2400,15.8,1337,0,0,0.4,402,5.75,0.6,9.7,50,107,5.2,50,112,3.2,2751,50,5.2,47,1726,65.8,9,1005.4,1020.9,2346,1010.7,104,1015.7,12.7,1.5,1100,2.8,12.91,0,0,0,0,0,6.3,5.8,13.1,5.6,14.1,13.4,13.1,13.1,12.8,11.2,10.6,11.4,13.8,2.6,3.6,0,박무,0
2021-04-05,11.9,5.4,629,19.3,1614,0,0,0,0,0,0,9,270,1655,5.3,270,1704,2.4,2064,20,0,19,1525,47.9,6.2,1011.7,1024.6,837,1019.6,1627,1022.1,12.8,12,1200,3.44,25.81,0,0,0,0,0,2.3,1,14.5,1.4,13.4,12.7,12.5,12.7,12.6,11.4,10.9,11.3,13.8,4.9,7.1,0,이상없음,0
2021-04-06,13.9,9.4,510,19.2,1343,0,0,0,0,0,0,9.5,200,1445,5.4,250,1653,2.5,2188,250,3.3,29,1203,50.9,7.8,1009.7,1021.6,811,1017.5,1724,1019.9,12.8,10.6,1200,3.28,23.34,0,0,0,0,0,2.4,1.1,15.2,5.4,14.3,13.5,13.2,13,12.6,11.5,11,11.3,13.7,4.7,6.7,0,채운,0
2021-04-07,14.1,8.1,607,20.4,1335,0,0,0,0,0,0,11.1,250,1513,6.2,270,1623,2.5,2137,250,2,24,1323,47.5,7.2,1009,1021.3,925,1017.2,1747,1019.2,12.9,11.9,1200,3.28,24.49,0,0,0,0,0,0,0,15.4,2,14.5,13.7,13.4,13.3,12.9,11.6,11.1,11.4,13.7,5.2,7.4,0,연무비,0
2021-04-08,13,7.2,616,18,1516,0,0,0,0,0,0,10.6,320,1801,5.8,290,1611,2.7,2351,270,-2.9,22,1741,34,5,1008.1,1020.3,2334,1016.1,1705,1018.4,12.9,12.1,1200,3.45,25.85,0,0,0,0,0,0,0,15.1,-0.3,14.1,13.4,13.3,13.3,13.1,11.8,11.2,11.5,13.7,5.7,8.1,0,비,0
2021-04-09,13.6,7.6,416,19.6,1558,0,0,0,0,0,0,10,20,849,5.8,50,848,2.7,2306,50,-0.4,25,1245,39.3,6,1014,1028.4,2347,1020,103,1024.3,12.9,11.9,1200,3.4,25.3,0,0,0,0,0,0.6,0.5,15,-1,14.3,13.5,13.2,13.2,13,11.9,11.4,11.6,13.7,5.1,7.3,0,이상없음,0
2021-04-10,12.6,7.7,607,18.8,1459,0,0,0,0,0,0,8,250,1522,4.7,270,1531,2.6,2234,250,2,28,1822,50,7.1,1019.8,1031.9,855,1028.5,1,1030.2,13,11.5,1200,3.2,23.77,0,0,0,0,0,0.5,0.5,15.2,1.7,14.8,14,13.7,13.6,13.2,12,11.5,11.6,13.6,4,5.8,0,이상없음,0
2021-04-11,15,7.5,639,21.8,1610,0,0,0,0,0,0,6.4,270,1736,3.9,250,1713,1.7,1480,20,2.4,24,1442,45.4,7.3,1018.7,1032.2,916,1026.1,1907,1029,13,10.6,1200,3.13,22.57,0,0,0,0,0,3.5,1,15.9,1,15,14.1,13.7,13.6,13.3,12.2,11.6,11.7,13.6,4.4,6.2,0,이상없음,0
2021-04-12,13.8,11.9,1703,17.8,1132,1,2316,5.4,1831,14.17,22,9.7,110,1317,4.8,140,1400,2.4,2036,70,7.6,36,1126,70.4,10.8,1007.1,1026.2,1,1008.1,2357,1017.3,13.1,0,1100,0.96,5.39,0,0,0,0,0,9.8,8,13.2,8.5,14.7,14.2,14.1,14.1,13.7,12.3,11.7,11.7,13.6,1.4,1.9,30,비,0
2021-04-13,10.4,5.7,2355,13.5,1343,0,9,3,-2351,6.75,8,10.2,270,1721,5.7,250,1354,3.7,3183,270,5.6,53,1400,74,9.4,1002.4,1017.9,2329,1007.7,32,1012.8,13.1,2.9,1300,2.55,14.95,0,0,0,0,0,6.6,6.4,14.5,2.9,14.4,13.7,13.5,13.6,13.5,12.4,11.8,11.8,13.6,2.4,3.5,0,비,0
2021-04-14,8.4,3.1,544,13.3,1224,0,0,0,0,0,0,11.2,320,1342,6.9,270,1345,2.9,2484,270,0.1,30,1130,58.5,6.2,1008.8,1020.6,2215,1017.8,1,1019.3,13.1,12.4,1200,3.53,27.31,0,0,0,0,0,0.3,0,13.3,-2.2,12.8,12.2,12.4,12.9,13.2,12.6,11.9,11.8,13.6,4,5.8,0,이상없음,0
2021-04-15,11.6,6.3,313,18.3,1454,0,0,0,0,0,0,8.5,290,1639,4.7,270,1654,2.1,1774,270,3.9,31,1349,62.3,8.1,1007.9,1021.5,1007,1015.3,1802,1018.2,13.2,11.1,1200,3.45,24.78,0,0,0,0,0,4.9,1.4,14.9,0.4,14,13.2,12.9,13,13,12.6,12.1,11.8,13.5,4.2,6,0,이상없음,0
2021-04-16,11.3,8.1,2400,14.8,1602,0,1113,0.7,1057,3.5,0.7,10.9,180,1719,5.7,200,1003,2.6,2274,200,3.3,35,1814,60,8,1005.6,1018.1,2340,1014.2,634,1015.9,13.2,3.7,1400,2.18,8.59,0,0,0,0,0,6.9,4,12.6,0.9,13.3,12.8,13,13.3,13.4,12.6,12.2,11.9,13.5,1.9,2.7,0.7,비,0
2021-04-17,9.6,6,611,14.6,1527,0,0,0,0,1.58,0,12.5,180,1242,7.1,290,1602,2.6,2221,230,1.1,33,1536,56.6,6.7,1004.3,1018.1,15,1011.7,1540,1014.7,13.2,3.5,1400,2.67,13.62,0,0,0,0,0,3.8,1.9,12.2,0.3,12.1,11.5,11.8,12.4,12.9,12.7,12.2,11.9,13.5,2.8,4,0,황사,0
2021-04-18,9.9,5.6,607,15.3,1602,0,0,0,0,0,0,10.9,320,1355,5.7,250,1336,3.2,2722,250,3.1,39,1336,64.3,7.7,1005.9,1018,1006,1014.4,1545,1016.3,13.3,11.9,1300,3.47,26.94,0,0,0,0,0,0.9,0.9,14,-0.1,12.7,11.9,11.8,12.1,12.5,12.6,12.3,12,13.5,3.9,5.5,0,이상없음,0
2021-04-19,12.2,5.8,542,19.4,1440,0,0,0,0,0,0,8.8,180,1335,4.9,200,1642,2.4,2093,200,5.4,44,1409,65.3,9,1006.9,1019.1,2338,1015.1,1557,1017.2,13.3,12.1,1200,3.41,26.18,0,0,0,0,0,0,0,15.6,-1.3,14.1,13.2,12.8,12.8,12.7,12.6,12.4,12,13.5,4.2,6,0,이상없음,0
2021-04-20,14.8,8.1,614,22,1552,0,0,0,0,0,0,7.3,290,1811,4.5,270,1711,1.9,1626,270,4.8,27,1826,55.1,8.7,1010.6,1022.3,2359,1018.9,1604,1020.8,13.4,11,1200,3.32,24.8,0,0,0,0,0,2.9,0,17.3,0.6,15.5,14.6,14.1,13.7,13.3,12.6,12.4,12.1,13.5,4.5,6.5,0,박무,0
2021-04-21,19.1,10.3,601,28.2,1601,0,0,0,0,0,0,7,250,2055,4.3,250,2102,1.8,1580,270,5.4,21,1645,43.1,9,1011.1,1023.4,841,1017.7,1725,1021.2,13.4,11.1,1200,3.35,25.12,0,0,0,0,0,3.9,0,19.8,3.3,17,15.9,15.2,14.6,13.9,12.7,12.4,12.1,13.5,5.9,8.4,0,이상없음,0
2021-04-22,20.9,16.1,251,27.5,1356,0,0,0,0,0,0,10,320,2218,5,50,942,2.5,2199,50,5.5,22,1348,37.9,9.1,1008.5,1021.9,109,1015.7,1543,1018.5,13.4,2.6,1300,2.67,15.7,0,0,0,0,0,8.9,6.5,20.1,12.4,18.5,17.5,16.7,15.9,14.8,12.9,12.5,12.2,13.4,4.7,6.7,0,이상없음,0
2021-04-23,19,17,703,21.7,1350,0,0,0,0,4,0,11.3,50,1045,6.9,50,1412,3.2,2732,50,5.2,29,1210,41.4,8.9,1009.1,1020.6,645,1017.3,110,1019.2,13.5,0.3,1000,1.38,8.36,0,0,0,0,0,9.6,4.8,17.1,13.5,17.7,17,16.6,16.3,15.4,13.2,12.6,12.2,13.4,3.9,5.6,0,비,0
2021-04-24,18.3,15.3,637,22.2,1540,0,0,0,0,0.67,0,8.2,50,259,5.2,340,1431,2.7,2297,50,4.9,23,1205,43,8.8,1009.5,1021.7,955,1017.8,1917,1019.6,13.5,1.6,1200,1.93,13.65,0,0,0,0,0,6.8,5.5,17.7,7.7,17.3,16.6,16.2,15.9,15.3,13.5,12.7,12.2,13.4,3.7,5.2,0,비,0
2021-04-25,18.2,12.6,500,24,1645,0,0,0,0,0,0,11.3,70,735,5.6,50,748,2.7,2375,50,6.9,31,1502,50,10,1009.1,1020.7,912,1017.1,1700,1019.1,13.6,11.5,1200,3.49,27.12,0,0,0,0,0,1.1,0.4,21.4,5.7,18.1,17.1,16.4,16,15.3,13.7,12.9,12.3,13.4,5.5,7.9,0,이상없음,0
2021-04-26,16.2,12.3,614,20.6,1408,0,0,0,0,0,0,8.5,200,1310,4.6,290,1651,2.6,2247,110,5.9,27,928,51.8,9.6,1010.6,1022.7,844,1019.1,1739,1020.8,13.6,9.2,1200,3.12,21.57,0,0,0,0,0,4.5,2.8,20.1,6.8,18.1,17.3,16.9,16.5,15.8,13.9,13,12.3,13.4,3.5,5.1,0,이상없음,0
2021-04-27,15.4,12.5,430,20,1427,2,2356,5.8,2331,4,1.7,9,200,2304,5,230,1835,2.3,2013,200,7.7,38,1520,62.4,10.6,1007.5,1020.8,1,1015.4,1456,1017.6,13.6,0.5,1300,1.81,10.37,0,0,0,0,0,9.4,5.4,17.3,5.2,17.4,16.7,16.5,16.4,15.9,14.1,13.1,12.4,13.4,2.5,3.6,6.4,비,0
2021-04-28,14.5,11.2,602,18.2,1419,1,9,4.7,1,1.33,4.7,9.7,180,49,4.8,230,57,2.4,2059,200,7.1,35,1842,64.1,10.3,1005.8,1017.8,753,1014,2357,1016,13.6,2.2,1100,2.3,16.09,0,0,0,0,0,7.9,2.5,16.3,8.7,17.1,16.4,16.2,16.1,15.7,14.2,13.3,12.4,13.4,2.8,4,0,비,0
2021-04-29,14.6,10.9,538,20.1,1609,1,2355,4.3,2313,4.33,3.9,11,180,2232,6.4,200,2235,2.3,1966,50,4.8,30,1718,54.1,8.6,995.8,1014,1,1002.6,2122,1005.9,13.7,4.4,1300,3.08,15.99,0,0,0,0,0,7.6,5.9,16.9,6.7,16.4,15.6,15.5,15.7,15.6,14.3,13.4,12.4,13.4,3.3,4.6,30.2,비,0
2021-04-30,11.3,8.6,414,14.6,1227,1,332,8.9,245,9.75,26.3,8.5,160,1445,5.2,200,1449,2.4,2077,200,8.1,63,1228,81.8,10.8,994.3,1008.2,2142,999.3,230,1004.5,13.7,1.1,1000,2.05,9.45,0,0,0,0,0,9.5,7.3,12.8,7.1,14.8,14.5,14.8,15.2,15.3,14.4,13.6,12.5,13.4,1.6,2.3,0.3,비,0
2021-05-01,10.2,8.5,2326,15.3,1256,1,1424,5.3,1419,11.67,8,10.3,290,1418,6.3,320,1425,2.7,2360,270,6.8,47,1258,80.8,9.9,995.6,1010.3,2346,1003.6,556,1005.8,13.8,1.2,1200,2.81,11.89,0,0,0,0,0,9.4,5.9,12.4,7.4,14.5,14,14.1,14.5,14.8,14.4,13.7,12.5,13.4,1.8,2.6,9.4,박무,0
2021-05-02,12.4,7.3,602,18.7,1436,0,110,1.2,24,2.5,1.7,9.3,290,1720,5.3,270,1740,3.1,2720,270,6,41,1731,67.9,9.4,1006.2,1019.9,2345,1010.3,1,1016.5,13.8,10.8,1200,3.56,27.71,0,0,0,0,0,2.6,2,16.8,5.4,15.2,14.4,14.1,14.3,14.4,14.4,13.7,12.6,13.4,4.5,6.4,0,비,0
2021-05-03,14.1,8.4,555,20.3,1520,0,0,0,0,0,0,8.6,270,1559,4.9,200,1348,2.1,1847,200,4.6,27,1613,56.4,8.5,1007.6,1020.4,814,1015.1,1815,1017.8,13.8,11.6,1200,3.55,27.7,0,0,0,0,0,3.8,0,17.3,4,16.5,15.6,15.2,15,14.8,14.3,13.8,12.6,13.4,4.9,7,0.2,이상없음,0
2021-05-04,13.8,11.4,300,15.8,1915,1,1446,5.1,1436,16.25,19.6,9.3,290,2346,4.8,290,2149,2.1,1796,50,10.7,53,3,82.6,13.2,999.3,1017.3,9,1003.7,2214,1009.5,13.9,0,1200,0.87,3.68,0,0,0,0,0,9.6,6.6,13.5,7.8,15.5,15,15.1,15.3,15.3,14.4,13.8,12.7,13.4,1,1.4,19.5,비,1.37
2021-05-05,13.9,10.3,620,18.4,1509,0,0,0.4,-2331,0.5,0.1,13.1,270,1417,6.7,250,1544,3.5,3003,250,6.4,29,1634,64.4,9.8,1002.3,1018.4,2346,1004.5,20,1012.5,13.9,11.5,1200,3.62,28.34,0,0,0,0,0,2.6,2.3,17.6,4.4,16.9,16,15.5,15.3,15,14.4,13.9,12.7,13.4,4.7,6.7,0,박무,0
2021-05-06,15.7,7.9,538,23.1,1420,0,0,0,0,0,0,11.8,230,1612,6.5,230,1620,2.4,2081,50,3.3,27,1743,46.4,7.8,1005.1,1018.6,612,1011.5,2359,1015.3,13.9,10.6,1200,3.32,23.81,0,0,0,0,0,4.8,0.6,16.8,2.9,16.7,15.9,15.6,15.6,15.4,14.5,14,12.8,13.4,4.9,7,0,햇무리,0
2021-05-07,14.4,10.7,2357,17.2,1505,5,942,8.8,915,1.5,8.8,12.6,200,1418,6.7,230,1352,3.4,2923,230,6.5,38,1,60.3,9.8,996,1011.5,1,1003.3,904,1006.1,13.9,5.9,1200,3.34,17.12,0,0,0,0,0,3.1,3.1,15.5,7.7,16.7,16,15.7,15.8,15.6,14.6,14,12.8,13.4,3.1,4.5,8.8,비,0
2021-05-08,14.3,8.9,547,21,1437,0,0,0,0,0,0,15.4,180,1600,8.4,200,1557,3.4,2913,250,7.5,36,1509,66.1,10.4,994.4,1008.4,18,999.2,1611,1004.4,14,8.9,1200,3.26,23.01,0,0,0,0,0,1.1,0.6,16.9,5.4,16.7,15.9,15.6,15.6,15.5,14.7,14.1,12.9,13.4,4.4,6.3,0,박무,0
2021-05-09,15.7,10,513,21.8,1551,0,0,0,0,0,0,14.3,270,1357,7.9,270,1037,3.5,3019,270,4.6,25,1609,51.3,8.5,999.3,1011.8,2318,1006.5,1,1009.4,14,13,1200,3.72,30.44,0,0,0,0,0,0.3,0,18.2,5.2,17.1,16.3,16,15.9,15.7,14.7,14.2,12.9,13.4,6.2,8.9,0,황사,0
2021-05-10,13.2,11.7,230,14.6,1716,0,0,0,0,3.08,0,6.7,200,507,4,200,513,1.8,1547,50,7.4,59,12,67.9,10.3,1003.2,1015,845,1010.4,219,1013.4,14,0,1500,0.61,4.69,0,0,0,0,0,8.6,6.9,13.5,4.7,15.7,15.3,15.5,15.9,16,14.8,14.2,13,13.4,1.5,2.2,0,비,0
2021-05-11,18.5,9.4,414,25.7,1514,0,0,0,0,0,0,10.5,140,2150,5,110,1704,2.7,2362,110,6.2,28,1337,48.9,9.5,1003.1,1014.9,147,1010.8,1615,1013.1,14.1,13.2,1200,3.44,27.17,0,0,0,0,0,6,0.1,18.7,4.6,17.1,16.2,15.5,15.4,15.3,14.9,14.3,13,13.4,6.6,9.5,0,이상없음,0
2021-05-12,22,16.9,529,27.7,1626,0,0,0,0,0,0,6.9,50,819,3.7,50,824,2.2,1860,70,7.1,26,1255,39.5,10.3,1001.9,1013.8,632,1008.9,1715,1011.8,14.1,11,1200,3.52,26.51,0,0,0,0,0,4.5,2.5,21.7,11.6,19.9,18.7,17.8,17,16.1,14.9,14.4,13.1,13.4,5.9,8.5,0,채운,0
2021-05-13,22.9,16.6,542,29.6,1459,0,0,0,0,0,0,7.2,200,1556,4.2,250,1807,1.9,1642,250,12.7,36,1418,54.4,14.8,1001.1,1012.6,813,1009,1701,1011,14.1,12.8,1200,3.39,27.3,0,0,0,0,0,0,0,24.6,11,21.6,20.5,19.5,18.5,17.1,15,14.4,13.1,13.4,5.3,7.6,0,이상없음,0
2021-05-14,24.1,18,558,30.8,1541,0,0,0,0,0,0,7.4,250,1806,4.3,250,1811,1.7,1497,50,15.4,35,1552,60.3,17.5,1000.7,1013.2,757,1008.5,1743,1010.5,14.2,10.8,1200,3.43,24.38,0,0,0,0,0,7.1,0.8,25.2,12.1,22.9,21.8,20.8,19.7,18.1,15.4,14.5,13.1,13.4,5.2,7.4,0,햇무리,0
2021-05-15,22.1,20.8,1911,26.2,1204,2,1338,5.8,1302,14,15,6.1,110,1110,3.6,110,1048,1.7,1432,50,18,56,1148,79.5,20.8,996.4,1009.3,241,1003.9,1810,1006.2,14.2,0.5,1100,2.29,9.42,0,0,0,0,0,9.8,5.6,22.9,17.7,22.7,21.9,21.3,20.5,19,15.7,14.6,13.2,13.4,1.6,2.3,33.1,비,0
2021-05-16,18.4,14.8,2345,20.8,1,2,1912,11.3,1853,24,66.9,8.9,50,1730,4.4,180,724,2.5,2164,50,17.9,94,1331,97.6,20.7,991.1,1004.3,1,999,1627,1001,14.2,0,1300,0.53,3.05,0,0,0,0,0,10,8.1,19.6,14.1,21,20.5,20.3,20.2,19.2,16.2,14.8,13.2,13.4,0.7,1,49.1,비,0
2021-05-17,15.3,14.2,442,16.7,1815,0,1118,1.7,1115,13.83,3.1,5.3,50,2,3.1,50,2,1.6,1362,50,14.1,86,1919,93,16.1,997,1010.5,2335,1002.7,12,1007,14.3,0,1000,0.6,5.21,0,0,0,0,0,9,6.6,17.4,10.9,18.9,18.4,18.6,18.9,19.1,17.1,15.6,13.4,13.4,0.9,1.3,2.8,비,0
2021-05-18,17.9,13.6,403,24.5,1611,0,0,0,0,0,0,7.3,250,1659,4.5,270,1702,1.7,1509,270,11.8,45,2002,70.5,14.1,1000.5,1012.1,817,1008.7,1620,1010.5,14.3,8.4,1100,3.74,24.12,0,0,0,0,0,4.4,1.9,20.2,9.2,20.3,19.4,18.7,18.5,18.3,17.2,15.9,13.6,13.4,4.4,6.3,0,박무,0
2021-05-19,19.9,12.4,557,26.6,1503,0,0,0,0,0,0,7.4,250,1539,4.4,250,1525,1.8,1553,270,9.1,31,1422,52.3,11.6,1001.8,1012.9,703,1009.8,1832,1011.7,14.3,13.2,1200,3.66,29.93,0,0,0,0,0,2.6,0,22.3,7.1,21.1,20.2,19.6,19.3,18.6,17.1,16,13.6,13.4,5.8,8.3,0,이상없음,0
2021-05-20,18.7,15.6,2335,22.9,1252,0,2011,0.5,2219,11.15,0.9,13,110,1629,6.2,90,1610,2.5,2135,50,10.3,42,1331,59.8,12.6,995.2,1011.6,1,1000.3,1848,1005.1,14.3,0,1100,1.19,6.8,0,0,0,0,0,9.9,4.9,17.9,11,20.1,19.6,19.6,19.5,19.1,17.2,16,13.6,13.4,2.2,3.2,5.8,비,0
2021-05-21,16,14.2,637,18.2,1820,1,1444,2,1401,15.17,6.9,7.1,50,12,4.2,50,49,1.7,1503,290,13.6,73,1841,86.5,15.6,995.9,1010,2320,1000.7,253,1005.9,14.4,0.9,1100,0.99,7.35,0,0,0,0,0,9.5,6.5,17.4,13.3,19,18.4,18.4,18.6,18.6,17.3,16.1,13.6,13.5,1.5,2.2,2.2,박무,0
2021-05-22,18.6,13.8,531,23.8,1309,0,0,0.2,0,0.92,0.2,9.5,250,1505,6.2,270,1506,2.5,2161,250,12.3,43,1530,69.3,14.3,1000.8,1012,2245,1008.9,1654,1010.7,14.4,12.7,1200,3.48,28.69,0,0,0,0,0,1.5,1.5,21.8,9.3,20.6,19.5,18.9,18.6,18.2,17.3,16.1,13.6,13.5,5.2,7.4,0,비,0
2021-05-23,19.5,14.3,521,25.1,1328,0,0,0,0,0,0,7.9,270,2024,4.8,270,2028,1.7,1461,270,12.2,46,1319,64.4,14.2,1000.8,1013,621,1008.6,1749,1010.8,14.4,6,1200,2.89,19.28,0,0,0,0,0,6.9,2,21,9.1,21,20.3,19.8,19.5,18.8,17.2,16.2,13.7,13.5,3.7,5.3,0,박무,0
2021-05-24,19.4,16.4,536,24.5,1525,0,0,0,0,0,0,9.2,270,1655,5.6,270,1441,2.7,2331,250,11.1,28,1558,61,13.3,997.9,1009.5,1,1005.8,1629,1007.8,14.4,9.1,1200,3.57,26.9,0,0,0,0,0,3.3,2,22.8,12.4,21.8,20.9,20.4,19.9,19.1,17.3,16.2,13.7,13.5,5.2,7.5,8.2,황사,0
2021-05-25,15.3,11.9,854,19.3,1632,2,557,5.4,534,4.58,8.3,12.8,270,1450,7.4,250,1426,3.2,2763,250,10,37,1912,72.3,12.3,997,1010.2,2337,1005.2,950,1007,14.5,6.4,1500,2.76,19.29,0,0,0,0,0,5.3,4.9,17.9,7.5,20.1,19.6,19.8,19.9,19.5,17.5,16.3,13.8,13.5,3.5,5,0.1,황사,0
2021-05-26,18,11.5,513,23,1513,0,0,0,0,0.67,0,13.1,200,1451,6.5,200,1518,2.9,2463,200,8.9,31,1504,58.5,11.4,997.4,1010.9,40,1004.5,1844,1007.3,14.5,5.3,1000,3.01,17.95,0,0,0,0,0,7.6,3,18.8,6.6,19.5,18.9,18.8,19,19,17.6,16.4,13.8,13.5,4.1,5.8,7.9,비,0
2021-05-27,15.8,13.9,2301,18.7,1611,2,726,6.5,642,5.92,8.9,9.1,180,1644,5.2,230,1205,2.8,2457,200,12.8,52,1,83,14.8,991.6,1005.2,2334,999.3,1112,1001.6,14.5,0.5,1500,1.38,5.08,0,0,0,0,0,6.5,5.9,16.4,9,18.5,18,18.3,18.7,18.8,17.7,16.5,13.9,13.5,1,1.4,12.8,비,0
2021-05-28,15.3,12.4,844,19.7,1556,1,505,4.7,502,7.83,12.3,10.2,250,1748,5,230,1728,2.6,2266,250,12.8,66,1648,86,14.8,990.6,1006.4,542,996.6,1755,1000.6,14.5,1.9,1400,2.86,11.26,0,0,0,0,0,8.6,7.6,17.4,7.9,17.9,17.2,17.2,17.7,18.1,17.6,16.6,13.9,13.5,2.3,3.3,0.5,비,0
2021-05-29,15.4,12.8,2353,19.1,1017,0,0,0.2,0,8.42,0.3,7.3,230,9,3.7,250,49,2.2,1867,50,11.7,59,1252,79.8,13.8,996.7,1010,2239,1001.5,1,1006.7,14.5,3.9,900,2.17,10.45,0,0,0,0,0,5.1,3,18.1,9.5,18,17.4,17.5,17.8,17.9,17.5,16.6,14,13.5,1.8,2.6,0.3,비,0
2021-05-30,18.4,10.8,540,26.3,1603,4,2249,11.3,2249,4,18.1,16,270,1923,7.6,270,1931,2.1,1822,50,12.5,37,1614,73,14.6,998.9,1010.7,606,1006.2,1646,1008.9,14.6,11.6,1200,3.72,29.45,0,0,0,0,0,3.9,1.6,21.9,7.8,19.6,18.6,18,17.8,17.6,17.4,16.6,14,13.5,4.7,6.7,22.1,박무,0
2021-05-31,19.9,16.5,417,23.8,1725,3,-2358,4.7,-2349,2.5,4,5.7,20,1619,3.5,50,1624,1.8,1587,50,15.9,63,1730,78.9,18,1001.1,1012.8,2346,1009.4,148,1011,14.6,2,1500,1.76,12.52,0,0,0,0,0,7.4,7,21.1,14.5,20.9,20.1,19.7,19.3,18.7,17.4,16.6,14.1,13.6,2.5,3.5,3.2,비,0
2021-06-01,20.2,15.9,811,23.9,1311,1,754,2.3,712,4.42,3.2,9,290,527,5.4,320,533,2.2,1863,50,15.4,57,1322,74.6,17.5,1003.9,1016.5,710,1011.5,221,1013.8,14.6,1.9,1000,2.03,13.01,0,0,0,0,0,8.1,2.1,21.1,13.9,21.2,20.5,20.1,19.7,19,17.5,16.8,14.2,13.6,2.7,3.9,0,비,0
2021-06-02,23.2,16.6,453,29.7,1531,0,0,0,0,0,0,8.2,290,1827,4.5,290,1718,2.1,1842,50,15.3,37,1506,64.4,17.4,1002.6,1014.9,617,1009.8,1711,1012.4,14.6,11.9,1200,3.21,26.82,0,0,0,0,0,3.4,1.1,25,12.6,22.9,21.9,20.9,20.3,19.3,17.7,16.8,14.3,13.6,5.4,7.7,0,박무,0
2021-06-03,19.1,14.6,2335,22.7,1143,2,2024,5.1,1944,12.17,18.1,14.3,340,2039,7.5,320,2041,1.8,1526,270,15.6,59,1045,80.8,17.8,994.3,1011,6,1000.5,1935,1004.2,14.6,0.2,700,0.78,5.11,0,0,0,0,0,9.6,5.8,20.4,12.9,21.9,21.3,21.2,21,20.2,17.9,16.9,14.3,13.6,1.3,1.8,18.1,비,0
2021-06-04,18.5,13.3,419,23.6,1530,0,0,0,0,0,0,10.4,230,1555,6,200,1556,2.9,2473,200,12.1,38,1555,69.4,14.1,991.7,1002.6,122,1000.5,1519,1001.6,14.6,10.9,1200,3.65,29.01,0,0,0,0,0,2.6,2.1,22.7,8.8,21.7,20.8,20.3,20.2,19.7,18.1,17,14.4,13.6,5.5,7.8,0,이상없음,0
2021-06-05,20.8,17,359,25.7,1524,0,0,0,0,0,0,9.9,200,1805,5.5,180,1757,3.3,2815,200,14.4,40,1624,68.1,16.5,991,1003.5,2252,999.1,1609,1000.8,14.7,8.4,1200,3.48,23.11,0,0,0,0,0,3,3,22.2,13.6,22.6,21.7,21.1,20.8,20.1,18.3,17.1,14.4,13.6,4.8,6.9,0,박무,0
2021-06-06,23,18.4,138,28.2,1529,0,0,0,0,0,0,7,230,240,3.8,200,249,2.2,1907,200,16.7,48,1539,69.6,19.1,996.7,1010.9,2301,1003.3,14,1006.4,14.7,8.3,1200,3.27,23.46,0,0,0,0,0,3.8,3.8,25,12.7,24,23,22.1,21.5,20.5,18.4,17.2,14.5,13.6,4.7,6.8,0,박무,0
2021-06-07,21.1,19.4,353,24,1734,0,0,0,0,3.58,0,6,110,1010,3.3,140,1011,1.7,1495,180,15.7,57,1711,71.5,17.8,1003.8,1015.2,2332,1010.4,7,1013.7,14.7,0.3,1600,0.93,7.02,0,0,0,0,0,7.8,5.1,21.1,14.5,22.8,22.2,22,21.9,21.1,18.6,17.3,14.6,13.7,1.8,2.6,0.1,비,0
2021-06-08,23.6,18.8,533,29.5,1539,0,0,0.1,0,0.92,0.1,6.6,290,1652,3.6,250,1630,1.7,1453,50,17.3,43,1547,69.6,19.9,1005.1,1016.2,720,1013.4,1754,1014.9,14.7,7.1,1000,2.9,21.25,0,0,0,0,0,5.4,1.4,25.4,15.3,23.9,22.8,22,21.6,20.7,18.5,17.7,14.2,13.7,4.1,5.8,0,비,0
2021-06-09,25.8,19.5,453,31.6,1525,0,0,0,0,0,0,5.7,90,1823,3.4,50,1824,1.6,1368,50,16.7,36,1323,59.1,19,1004.6,1016.3,1018,1012.3,1755,1014.3,14.7,9.9,1200,3.35,24.78,0,0,0,0,0,3.4,0.6,26.5,15.3,25.3,24.3,23.3,22.6,21.3,18.7,17.8,14.2,13.7,5.1,7.3,0,이상없음,0
2021-06-10,24.9,20.5,2349,29.8,1441,2,2318,5.1,2257,6.67,6.1,9,200,1456,5.4,200,1500,2.2,1919,50,18.3,43,1350,68.5,21.1,1000.8,1013.5,35,1007.9,2010,1010.6,14.7,1.3,1000,2.3,14.13,0,0,0,0,0,8.5,4.9,25.5,17.5,25.5,24.6,24,23.4,22.1,18.9,17.9,14.2,13.7,3.3,4.7,10.7,비,0
2021-06-11,21.5,19.9,50,24.4,1628,1,256,2.6,219,4.17,4.6,11.4,110,132,5.7,180,505,2.8,2460,230,18.7,70,1709,84.5,21.5,1000.1,1013.1,2243,1006.5,137,1009.9,14.7,1.8,1000,1.44,10.08,0,0,0,0,0,6.4,5.5,23.8,18.8,0,0,0,0,22.2,19.2,18.1,14.3,13.7,2.1,2.9,0,박무,0
2021-06-12,24.2,18.2,444,30.2,1514,0,0,0,0,0,0,6.3,340,1731,3.9,320,1732,1.8,1576,270,18.8,49,1819,74.6,21.8,1001.7,1014.2,716,1009.3,1852,1011.4,14.7,9.1,1200,3.42,26.92,0,0,0,0,0,5,2.5,27.3,13.8,25.1,24.1,23.3,22.8,21.9,19.3,18.2,14.3,13.8,5.2,7.4,0,박무,0
2021-06-13,24.8,20.9,513,29.7,1620,0,0,0,0,0,0,6.9,250,1500,4.3,250,1735,2,1756,250,19.3,54,1615,72.6,22.4,998.4,1010.8,309,1005.6,1610,1008.1,14.7,10.2,1200,3.39,26.48,0,0,0,0,0,3.5,0.5,27.9,16.6,26.5,25.6,24.8,24,22.6,19.5,18.4,14.4,13.8,5.2,7.4,0,햇무리,0
2021-06-14,24.8,18.9,609,30.2,1452,0,0,0,0,0,0,5.9,270,1521,4,250,2042,2.1,1792,250,18.3,50,1307,68.8,21,995.7,1007.6,615,1003.4,1758,1005.4,14.8,8.3,1000,2.86,22.29,0,0,0,0,0,6.8,0.4,27.8,16.6,26.5,25.7,25,24.4,23.1,19.7,18.5,14.4,13.8,4.1,5.9,0.5,박무,0
2021-06-15,22.5,21.5,523,25.3,1751,0,1057,0.9,1018,7.92,1.9,7.7,50,2235,3.9,50,1701,2.3,1997,50,18.6,68,1803,79.1,21.5,994.5,1005.2,2,1003,1643,1004.3,14.8,1.6,1700,1.37,7.61,0,0,0,0,0,7,4.4,23.3,18.5,25.1,24.6,24.5,24.3,23.4,20,18.7,14.5,13.8,2.5,3.5,1.4,비,0
2021-06-16,24.3,20.3,347,28.9,1622,0,0,0,0,0,0,11.5,50,955,5.7,50,1118,3.6,3120,50,15.7,46,1540,59.9,17.9,995.5,1007.2,2203,1003.8,224,1005.2,14.8,11.5,1200,3.23,27.3,0,0,0,0,0,2.5,1.3,27.3,16.9,25.1,24.3,23.8,23.5,22.9,20.2,18.8,14.5,13.8,5.9,8.4,0,이상없음,0
2021-06-17,21.9,19.6,439,25,1247,0,0,0,0,4.25,0,7.1,110,57,3.6,50,12,2.4,2072,50,16.3,58,1227,71.4,18.6,995.8,1007.7,701,1004.2,2336,1005.6,14.8,0.3,1200,2.01,9.59,0,0,0,0,0,9.4,4.5,23.4,17.7,24.4,23.8,23.8,23.7,23,20.3,19,14.6,13.9,2,2.9,5.2,비,0
2021-07-01,26.3,21.4,519,31,1525,0,0,0,0,0,0,6.8,360,1822,4.1,320,1645,1.8,1519,50,20.2,45,1338,70.9,23.7,996.8,1007.9,713,1004.8,1730,1006.5,14.7,8.2,1200,2.84,20.59,0,0,0,0,0,2.3,0.6,27.4,19.6,26.9,26,25.4,24.8,24,21.7,20.5,15.4,14.2,4,5.7,0,박무,0
2021-06-18,20,19,601,21.4,1711,0,620,1.7,553,12,6.3,7.2,200,500,3.8,200,1520,2.5,2166,200,18.6,82,1732,92.1,21.4,991.5,1004.3,2,999.8,1708,1001.3,14.8,0,1600,0.69,4.5,0,0,0,0,0,9.8,8.3,21.6,18.4,23.3,22.8,22.8,22.9,22.7,20.4,19.2,14.6,13.9,1.1,1.6,1.1,비,0
2021-06-19,22.3,17.5,550,27.4,1553,0,0,0,0,0,0,6.9,160,1200,3.7,270,1600,1.8,1518,270,17,49,1708,74,19.5,991.4,1002.2,2154,999.7,1527,1001.1,14.8,10.5,1300,3.49,26.47,0,0,0,0,0,4.1,3.4,26.1,12.9,24.8,23.8,23.1,22.7,22.2,20.4,19.3,14.7,13.9,5,7.1,0,박무,0
2021-06-20,22.9,17.6,520,29,1319,0,0,0,0,0,0,12.7,270,1408,6.8,230,1354,2.8,2428,230,17.5,48,1239,73.3,20,990.9,1002.4,2320,999,1233,1000.6,14.8,10.7,1200,3.06,25.87,0,0,0,0,0,3.1,2.8,26.9,12,25.2,24.4,23.9,23.5,22.6,20.4,19.4,14.8,13.9,4.9,7,0,박무,0
2021-06-21,23.6,19.2,511,28.5,1457,0,0,0,0,0,0,7.8,250,1555,4.6,270,1759,2.2,1943,270,16.6,45,1501,67,18.9,994.5,1006.8,2220,1002.2,158,1004.2,14.8,11.1,1100,3.45,25.72,0,0,0,0,0,3.3,2.4,28.1,15,26.1,25.2,24.6,24.1,23.1,20.5,19.5,14.8,13.9,5.3,7.6,0,박무,0
2021-06-22,22.8,19.7,538,28.6,1347,0,0,0,0,2.08,0,15,180,1416,7.8,200,1423,2.1,1857,50,16.3,41,1352,67.9,18.6,998.3,1010,2307,1006.4,8,1008.1,14.8,6.8,1200,2.87,20.23,0,0,0,0,0,6.8,5,25.8,15.2,25.8,25.1,24.7,24.4,23.4,20.7,19.5,14.9,14,4.1,5.8,0,비,0
2021-06-23,22.4,18.8,528,27.9,1504,5,1538,7.5,1530,0.67,7.5,11.3,360,1541,6,50,1544,2.4,2048,50,16.5,49,1401,70.5,18.8,1000.4,1012.1,2339,1008.8,1514,1010.3,14.8,7.2,1200,2.69,19.49,0,0,0,0,0,4.4,4.3,26.9,17.9,25.4,24.6,24.4,24.1,23.3,20.8,19.7,15,14,3.8,5.4,7.5,소나기,0
2021-06-24,23,18.5,443,28,1540,0,0,0,0,0,0,7.7,250,1638,4.4,270,1641,1.9,1671,50,17.2,51,1452,71.1,19.6,1001.2,1012.4,707,1009,1708,1011,14.8,5.7,1000,2.1,17.8,0,0,0,0,0,3,2.5,25.2,17,24.8,24.1,23.9,23.8,23.2,21,19.8,15,14,3.4,4.9,0,이상없음,0
2021-06-25,24.1,19.5,551,29.5,1619,0,0,0,0,0,0,7.8,290,1825,4.7,290,1830,2,1720,270,17.7,48,1501,69,20.3,1000.7,1012,636,1008.4,1617,1010.4,14.8,9.7,1300,3.29,24.74,0,0,0,0,0,4,1.9,28,17,25.9,24.9,24.3,24,23.2,21,19.9,15.1,14,4.6,6.6,4.4,박무,0
2021-06-26,22.8,19.9,557,26.7,1549,0,342,2.6,339,11.42,4.5,5.9,20,1739,3.4,360,1632,1.8,1547,50,18.7,63,1541,78.5,21.6,1000.5,1011.9,847,1009,1721,1010.3,14.8,2.3,1500,2.29,14.24,0,0,0,0,0,7.3,4,25,18.6,25.6,24.9,24.7,24.5,23.9,21.1,20,15.1,14.1,3.1,4.4,0.1,비,0
2021-06-27,24.5,19.8,447,30.8,1511,11,1832,37.7,1824,3.42,38.2,14.3,180,1837,7.8,200,1841,2,1763,50,18.6,43,1640,72.1,21.4,997.3,1009.9,1,1004.1,1711,1007,14.8,8.1,1400,3.12,22.48,0,0,0,0,0,5.4,4,27.8,18.3,25.5,24.7,24.5,24.3,23.6,21.2,20.1,15.2,14.1,4.3,6.1,38.2,소나기,0
2021-06-28,23.7,21,629,29.2,1447,0,0,0.1,0,1.67,0.1,7.7,50,1457,4.1,50,1504,1.9,1661,50,19.1,57,1450,76.4,22.1,995.4,1006.5,640,1003.3,1745,1005.1,14.8,2.2,1200,3.07,13.52,0,0,0,0,0,8.1,5.4,25,19.8,25.7,24.9,24.5,24.4,24,21.4,20.2,15.3,14.1,3,4.3,0.1,비,0
2021-06-29,23.9,21.3,442,28.4,1531,3,1631,8,1614,1.67,8,6.5,200,1154,4.1,200,1155,1.8,1517,50,19.8,56,1523,78.6,23,995.6,1007,2316,1004,1536,1005.3,14.7,4.2,1400,2.15,14.1,0,0,0,0,0,6.5,4,26.4,19.6,25.4,24.7,24.4,24.3,23.8,21.6,20.3,15.3,14.1,2.4,3.5,8,소나기,0
2021-06-30,24.3,21,405,28.8,1654,3,1209,6,1159,1.35,6,7.7,20,1154,3.6,50,1156,1.3,1134,20,20,55,1715,77.9,23.3,997.1,1008.1,904,1005.3,1722,1006.8,14.7,4,1500,2.73,16.22,0,0,0,0,0,6.1,2.1,26.3,19.3,25.7,24.9,24.5,24.3,23.8,21.6,20.4,15.4,14.1,3.4,4.8,6,박무,0
2021-07-02,27.1,23.6,538,31.8,1612,0,0,0,0,0,0,6.7,20,1519,3.5,50,1525,2.3,1984,50,19.5,47,1606,64.1,22.6,998.7,1010.3,2314,1007.1,106,1008.3,14.7,7.4,1300,3.4,22.19,0,0,0,0,0,5.8,1.9,27.2,21.2,27.6,26.7,25.9,25.4,24.4,21.8,20.6,15.5,14.2,5.2,7.4,0,이상없음,0
2021-07-03,22.6,19.6,2208,25.7,1,4,1736,13.8,1656,9.42,60,12.9,50,1815,5.9,50,1945,3.6,3097,50,18.6,62,955,80,21.5,996.3,1010,1,1000.8,2343,1006.1,14.7,0.9,900,1.87,7.51,0,0,0,0,0,8.5,4,23.5,19.3,25.3,24.9,25.2,25.4,24.9,22,20.7,15.6,14.2,1.6,2.3,78.5,비,0
2021-07-04,21.4,19.8,1,23.1,1500,1,56,5.3,45,18.33,21.4,8.8,180,2214,4.9,200,1709,2.3,1988,70,20.8,91,2145,96.8,24.6,994.4,1009.8,2345,999.1,147,1004.2,14.7,0,1200,0.36,2.69,0,0,0,0,0,9.9,8.6,22.2,19.6,23.3,22.8,22.9,23.5,23.8,22.7,21.7,15.9,14.2,0.8,1.2,2.9,박무,0
2021-07-05,23.3,20.1,328,26.9,1444,0,0,0,0,0,0,5.9,230,23,3.5,200,31,1.4,1182,290,19.5,64,1427,80.3,22.7,999.8,1011,901,1008,1908,1009.6,14.7,0.9,1400,2.05,12.59,0,0,0,0,0,8.9,5.6,24.6,19.5,24.6,23.7,23.3,23.3,23.2,22.5,22,16.8,14.3,2.5,3.6,0,햇무리,0
2021-07-06,25.3,21,450,30.1,1437,0,0,0,0,0,0,5.5,250,1437,3.7,250,1458,1.6,1415,50,19.9,54,1347,73.4,23.3,997.2,1008.4,1,1005.4,1344,1006.9,14.7,4.3,1200,2.97,19.15,0,0,0,0,0,7,1.8,26.8,18,26.1,25.2,24.5,24.1,23.5,22.3,21.9,16.7,14.3,3.7,5.3,0,박무,0
2021-07-07,26.4,23.9,419,29.1,1441,8,2057,12.4,2025,4.67,12.7,5.4,160,1528,3.3,140,957,1.5,1338,290,22.2,65,1340,78.5,26.8,997.1,1008.5,920,1004.5,1855,1006.8,14.6,1.1,1000,2.11,11.81,0,0,0,0,0,9.4,7.3,26.6,21.5,26.8,26,25.4,25,24.2,22.2,21.7,16.5,14.3,2.3,3.2,15.6,박무,0
2021-07-08,26,23.8,520,29.8,1451,1,27,2.7,2,2,2.9,7.5,270,1744,4.7,250,1831,2,1697,270,22.4,66,1443,81.6,27.1,995.2,1006.3,947,1002.9,1703,1004.8,14.6,2.9,1000,2.72,14.1,0,0,0,0,0,7.1,6.9,27,21.7,27.4,26.5,25.9,25.4,24.6,22.3,21.6,16.5,14.4,2.9,4.1,0,비,0
2021-07-09,25.5,23.6,335,29.2,1530,0,0,0,0,0.25,0,7.1,250,1635,4.2,230,1826,1.9,1649,270,21.1,62,1536,77.3,25,995.5,1007.1,2357,1003.3,1513,1005.1,14.6,3.8,1400,2.36,14.49,0,0,0,0,0,6.5,6,27,21.7,27.2,26.4,26,25.7,24.9,22.5,21.6,16.4,14.4,2.9,4.1,0.3,비,0
2021-07-10,25.9,23.1,631,29.2,1340,0,0,0.2,0,2.8,0.5,9.9,270,1418,5.4,230,1442,2.4,2060,200,22.1,60,1343,80.4,26.6,997.5,1009.2,2231,1006.1,314,1007.2,14.6,4.2,1200,2.81,17.4,0,0,0,0,0,7.4,6.4,26.9,22,27.6,26.8,26.2,25.8,24.9,22.6,21.6,16.4,14.4,3.5,5,0.6,비,0
2021-07-11,25.7,24.1,700,27.5,1552,0,640,0.4,612,5.17,0.4,8.2,230,1234,4.8,230,1242,2.2,1916,200,23.2,81,1355,86.8,28.5,999.9,1010.7,1035,1008.7,414,1009.7,14.6,0.1,1300,1.2,7.53,0,0,0,0,0,7.8,6.8,26.3,22.2,27.3,26.6,26.3,26,25.2,22.7,21.7,16.4,14.5,1.8,2.5,0,박무,0
2021-07-12,28.1,23.8,557,32.5,1604,0,0,0,0,0,0,5.4,160,1704,3.1,160,1906,1.6,1366,50,23,58,1612,75.1,28.2,1000,1011.3,750,1007.8,1828,1009.6,14.6,4.9,1300,3.32,19.1,0,0,0,0,0,6.6,4.1,29,21.7,28.4,27.4,26.5,26,25.1,22.8,21.8,16.5,14.5,3.7,5.4,0,이상없음,0
2021-07-13,28.8,26.3,429,31.5,1431,0,0,0,0,0,0,5.9,160,1003,3.7,290,1641,1.7,1432,50,24,62,1435,76.1,29.9,999.8,1010.6,2255,1008.6,1542,1009.4,14.6,1.4,1100,1.71,11.59,0,0,0,0,0,6.8,4.8,28.5,23.6,28.8,28,27.4,26.9,25.8,22.9,21.8,16.5,14.5,2.8,4,0,박무,0
2021-07-14,29.7,26.1,447,33.5,1508,0,0,0,0,0,0,7.6,200,1231,4.2,160,1055,2.2,1905,200,23.7,56,1537,71.4,29.4,1002.1,1013.5,2400,1010.3,1827,1011.7,14.5,7.1,1200,3.28,22.48,0,0,0,0,0,7,2,30.6,22.8,29.8,28.8,27.8,27.2,26,23.1,21.9,16.5,14.6,4.8,6.8,0,이상없음,0
2021-07-15,29.1,25.9,2344,34.5,1347,0,0,0,0,2.07,0,9.4,50,1800,4.6,250,1444,2.1,1789,50,23.1,51,1310,71.1,28.3,1004.5,1015.6,2233,1012.9,1545,1014.2,14.5,8.7,1200,2.93,22.77,0,0,0,0,0,5.1,3.9,31.8,22.9,30.4,29.4,28.6,27.9,26.6,23.3,22,16.6,14.6,4.8,6.9,0,소나기,0
2021-07-16,28.8,24.2,508,35.2,1538,0,0,0,0,0,0,16.5,360,1848,7.4,50,1855,2.2,1888,50,22,44,1554,68.4,26.6,1004.3,1016.2,710,1010.8,1758,1014,14.5,10.5,1100,3.36,26.76,0,0,0,0,0,3.5,2.9,32.5,21.6,30.4,29.5,28.8,28.2,26.9,23.5,22.1,16.6,14.6,5.8,8.3,0,이상없음,0
2021-07-17,29.1,24.7,521,32.8,1557,0,0,0,0,0.17,0,8.5,90,1159,4.2,160,1350,2.3,1959,50,21,50,1338,63.1,24.9,1002.1,1013.8,1,1009.3,1742,1011.7,14.5,8.9,1300,3.19,22.58,0,0,0,0,0,4.8,3.1,32.4,21.6,30.4,29.5,28.9,28.4,27.3,23.8,22.2,16.7,14.7,5.1,7.4,0,소나기,0
2021-07-18,29.6,25.7,551,34.1,1546,0,0,0,0,0,0,7.6,160,2213,4.2,160,2217,2.1,1814,110,21.3,46,1552,62.5,25.4,1001.4,1012.2,2334,1009.1,1704,1011,14.5,8.4,1400,2.94,23.37,0,0,0,0,0,5.6,3.5,33.1,22.5,30.6,29.7,29,28.5,27.3,24,22.4,16.7,14.7,5.1,7.3,0,이상없음,0
2021-07-19,26.4,24,1532,30.5,1134,26,1435,65.7,1406,5,67.4,8.5,290,1523,4.9,340,1439,1.9,1642,50,22.4,61,1045,80.1,27.1,1003.4,1014.6,2353,1011.6,127,1013.2,14.4,3.1,900,1.89,10.07,0,0,0,0,0,6.9,5.3,28,21.9,27.4,27.9,27.5,27.7,27.5,24.2,22.5,16.8,14.7,2.1,3.1,67.4,소나기,0
2021-07-20,27.9,23.6,532,31.8,1159,0,0,0,0,0.83,0,6,230,1648,3.6,250,1651,1.5,1300,50,23,58,1205,75.8,28,1004.4,1015.4,732,1012.7,1709,1014.1,14.4,3.4,1100,2.77,14.62,0,0,0,0,0,7.6,1.6,28.9,21.2,28.1,27.4,27.1,27,26.3,25.4,23.6,17.1,14.8,3.2,4.5,0,햇무리,0
2021-07-21,30.5,25.3,556,35.3,1654,0,0,0,0,0,0,6,110,1406,3,140,1758,1.7,1431,50,22.3,40,1710,64,27,1002.9,1014.3,650,1010,1717,1012.4,14.4,11.3,1200,2.76,24.1,0,0,0,0,0,3.5,0.9,30.5,22,29.5,28.7,28,27.5,26.6,24.9,23.6,17.3,14.8,5.3,7.5,0,이상없음,0
2021-07-22,31.2,26.5,621,35.9,1615,0,0,0,0,0,0,6.7,180,1100,3.7,50,1103,2,1733,50,21.9,37,1412,59.8,26.4,1000.9,1012.3,22,1008.4,1824,1010.4,14.4,11.4,1200,3.59,27.69,0,0,0,0,0,4,0.4,31.4,22.8,30.5,29.6,28.9,28.3,27.1,24.8,23.6,17.3,14.8,6.2,8.9,0,이상없음,0
2021-07-23,31.2,27.2,541,35.8,1604,0,0,0,0,0,0,6.2,110,1410,3.6,160,1418,1.8,1531,70,22.7,42,1539,61.8,27.6,999.3,1010.7,645,1006.7,1600,1008.8,14.3,12.4,1300,3.43,26.91,0,0,0,0,0,2.3,1.1,32.2,22.7,31.3,30.4,29.6,29,27.7,24.8,23.5,17.3,14.9,6,8.6,0,이상없음,0
2021-07-24,31.7,26.9,548,36.5,1508,0,0,0,0,0,0,7,160,1407,4.2,160,1407,1.7,1488,140,21.7,37,1509,57.4,26.1,998.2,1009.4,712,1005.9,1606,1007.7,14.3,12.3,1300,3.46,27.78,0,0,0,0,0,3,0.5,32.6,23,31.8,30.8,30,29.4,28.1,25,23.6,17.3,14.9,6.3,9,0,이상없음,0
2021-07-25,31.5,27.2,542,35.9,1547,0,0,0,0,0,0,8.8,140,1036,4.4,160,1141,2,1746,140,21.3,40,1252,55.8,25.3,996.5,1007.7,602,1003.9,1831,1006,14.3,13,1200,3.48,27.63,0,0,0,0,0,4.9,1.6,34.2,22.3,31.9,31,30.3,29.7,28.4,25.1,23.6,17.4,14.9,6.5,9.3,0,이상없음,0
2021-07-26,31.2,27.4,608,35.4,1521,0,0,0,0,0,0,7.3,110,1138,4.3,160,1608,2.4,2047,90,20.8,40,1431,54.9,24.5,994.6,1005.9,1,1002.2,1725,1004,14.3,13.2,1200,3.58,29.3,0,0,0,0,0,1.6,0.9,35.3,24.4,32.3,31.3,30.5,29.9,28.6,25.3,23.7,17.4,15,7,9.9,0,이상없음,0
2021-07-27,31.1,27.8,601,35.7,1520,0,0,0,0,0,0,7.8,290,1756,4.6,250,1657,2.1,1797,50,22.4,43,1542,60.5,27.1,992.9,1004,1,1000.2,1604,1002.3,14.2,7.3,1100,2.22,17.22,0,0,0,0,0,3.9,3.9,33.3,24.8,31.4,30.8,30.3,29.9,28.9,25.5,23.8,17.5,15,4.3,6.1,0,이상없음,0
2021-07-28,30.4,27.1,600,34.7,1456,0,0,0,0,1.33,0,7.2,270,1643,4.9,250,1645,1.9,1613,50,23.4,52,1459,67.4,28.8,992.5,1003.5,653,1000.4,1603,1002,14.2,6.5,1100,2.89,16.37,0,0,0,0,0,3.8,2.5,33.5,24.9,31.1,30.4,29.9,29.6,28.7,25.7,24,17.5,15,3.5,5,0,소나기,0
2021-07-29,29.6,27,529,33.3,1303,0,0,0,0,0,0,6.8,290,1658,3.9,270,1701,2,1705,270,23.3,57,1422,69.9,28.6,991.9,1003.1,801,999.9,1625,1001.4,14.2,2.2,1200,2.35,14.86,0,0,0,0,0,6.8,2,31.3,24,30.8,30,29.5,29.3,28.6,25.8,24.1,17.6,15.1,3.7,5.3,0,이상없음,0
2021-07-30,30.5,25.8,559,35.4,1406,0,0,0,0,0,0,7.6,110,1449,4.1,140,1449,2.1,1784,140,22.3,44,1503,63.1,26.9,990.5,1001.5,410,997.8,1702,999.9,14.2,7.7,1200,3.41,21.86,0,0,0,0,0,6.5,5,33.5,22.5,31.2,30.2,29.6,29.2,28.4,25.8,24.2,17.6,15.1,5,7.2,3,이상없음,0
2021-07-31,29.8,26.8,538,34.3,1457,2,251,2.4,201,2.75,3,6.9,180,1509,4.3,270,1855,2.5,2156,200,23.4,52,1557,69.9,28.8,990.6,1001.1,654,998.5,1611,1000.1,14.1,7.7,1300,3.27,21.19,0,0,0,0,0,6.9,4.4,31.6,25,31.6,30.7,30,29.5,28.7,25.9,24.3,17.7,15.2,4.6,6.5,0,비,0
2021-08-01,27.1,25.1,2345,28.8,1237,7,1917,8.7,1909,13.42,21,8.3,140,1923,4.7,160,1924,1.3,1126,360,23.6,71,1,81.8,29.2,991,1001.9,2231,998.7,1529,1000.5,14.1,0,1100,1.31,6.56,0,0,0,0,0,9.8,5.3,28.3,24.2,29.3,29,29.1,29.1,28.7,26,24.4,17.8,15.2,1.3,1.9,22.7,비,0
2021-08-02,26.5,25,17,28.6,1725,0,752,1.4,743,6.92,1.7,5.6,200,946,3.4,200,955,1.6,1362,200,23.2,69,1703,82.6,28.4,993.6,1005.7,2350,1000.9,146,1003.2,14.1,0.6,1400,1.37,8.42,0,0,0,0,0,9,6.6,27.8,23.6,28.7,28.1,28.1,28.2,28.1,26,24.5,17.9,15.2,2,2.9,0,비,0
2021-08-03,28,24.1,538,31.4,1441,0,0,0,0,0.35,0,9.7,160,1556,5.5,160,1559,1.8,1512,50,23.4,60,1722,76.9,28.8,997.7,1009.2,2338,1005.4,52,1007.3,14,4.3,1400,2.02,13.25,0,0,0,0,0,6.1,4.8,29,22.3,28.8,28.2,27.9,27.9,27.7,26,24.6,17.9,15.3,2.8,4,0,소나기,0
2021-08-04,28.9,26.3,532,33.2,1426,0,0,0,0,0,0,7.6,250,1849,4.3,180,1453,2,1743,200,22.8,51,1445,70.6,27.7,998.8,1009.7,727,1006.6,1551,1008.4,14,6.1,1300,2.82,19.55,0,0,0,0,0,5.9,2,29.9,23.3,30,29.2,28.6,28.3,27.7,25.9,24.6,18,15.3,4.4,6.4,0,이상없음,0
2021-08-05,29.4,25.6,407,33.7,1511,0,0,0,0,0,0,7.1,290,1827,4.1,290,1655,2.1,1775,270,22.6,53,1454,68.1,27.5,996.4,1008.4,1,1003.8,1723,1005.9,14,8.9,1200,2.66,20.51,0,0,0,0,0,4.6,4.4,30.7,22.5,30,29.3,28.9,28.6,28,25.9,24.7,18.1,15.3,4.5,6.4,0,이상없음,0
2021-08-06,28.1,26,2332,32.2,1304,0,0,0,0,0,0,16.4,290,1424,8.3,320,1427,2.1,1842,50,21.5,57,1157,68.4,25.7,994,1005.2,1,1001,1905,1003.6,13.9,6.3,1400,2.91,18.13,0,0,0,0,0,7.4,3.5,33.8,23.3,29.7,29.2,28.9,28.7,28.1,25.9,24.7,18.2,15.4,4,5.7,0,이상없음,0
2021-08-07,28,23.4,547,32.3,1616,0,0,0,0,0,0,6.5,290,1533,4,340,1756,2.1,1792,270,20.4,48,1755,65,24,993.5,1004,814,1001.4,1735,1003.1,13.9,11.3,1400,2.86,23.48,0,0,0,0,0,3.3,0.3,35.3,19.2,29.6,29,28.6,28.5,28,26,24.7,18.2,15.4,4.8,6.8,0,이상없음,0
2021-08-08,26.8,24.4,607,32.1,1324,7,1529,11.6,1522,4.58,12.7,9.5,50,1608,4.3,50,2246,1.7,1506,50,21.7,57,1326,74.8,26.1,993.4,1004,745,1001.7,1458,1003,13.9,2,1000,2.35,11.91,0,0,0,0,0,8.1,2.3,28.9,20.4,28.9,28.4,28.3,28.4,28,26,24.8,18.3,15.5,2.9,4.2,12.7,소나기,0
2021-08-09,28.3,23.3,455,33.6,1530,0,0,0,0,0,0,8.3,20,1921,4.8,340,1714,2.3,2018,50,20,42,1509,62.4,23.4,993.6,1005.5,2357,1001.4,1546,1003.1,13.8,8.6,1200,3.3,24.73,0,0,0,0,0,5.6,5.3,31.7,19.9,28.7,28.1,27.8,27.8,27.5,26,24.8,18.4,15.5,5.8,8.4,0,이상없음,0
2021-08-10,27.7,24.3,549,32.2,1528,0,0,0,0,0,0,8.7,200,1431,4.4,200,1436,2.3,2025,70,19.7,46,1555,62.5,22.9,997.5,1009.6,2304,1005.4,1,1007.1,13.8,8.5,1400,2.53,20.07,0,0,0,0,0,4.5,2.5,31.1,21.2,29.1,28.5,28.2,28.1,27.7,25.9,24.8,18.5,15.5,4.1,5.9,0,이상없음,0
2021-08-11,27.4,24.1,630,31.6,1624,0,0,0,0,1.25,0,6.4,320,2054,3.9,320,2054,2,1768,50,21.3,49,1630,70.3,25.4,1000.1,1011.5,1022,1008.1,1729,1009.8,13.8,5.3,1100,2.29,16.55,0,0,0,0,0,5.8,2.4,31.5,20.6,28.8,28.2,28,28,27.6,25.9,24.9,18.5,15.6,3.8,5.5,0,비,0
2021-08-12,26.8,24,2305,31.7,1432,0,0,0,0,1.08,0,12.9,110,1748,4.6,110,1751,1.8,1559,50,19.9,52,1759,67.1,23.3,999.6,1011,823,1007.5,1559,1009.2,13.7,4.4,1100,2.76,14.8,0,0,0,0,0,5.9,2.1,29.6,20,28.7,28.1,28,27.9,27.5,25.9,24.9,18.6,15.6,3.3,4.7,0,비,0
2021-08-13,26.6,23.4,201,30.1,1620,0,0,0,0,0,0,6.4,70,1431,3.5,50,1432,2,1715,50,20.6,57,1501,70.4,24.2,996.7,1008.1,119,1004.5,1741,1006.3,13.7,1.7,1400,1.83,12.03,0,0,0,0,0,8,0.3,28.8,19.7,27.9,27.4,27.4,27.5,27.4,25.8,24.9,18.7,15.7,2.9,4.1,0,이상없음,0
2021-08-14,26.1,23.4,603,30.5,1449,0,0,0,0,0,0,10.2,50,2036,4.8,50,2039,3,2576,50,18.5,51,1427,63.9,21.4,998.3,1011.4,2345,1005.7,230,1007.9,13.7,4.5,1300,2.5,15.6,0,0,0,0,0,6.5,2.1,29.6,21.1,27.9,27.4,27.2,27.4,27.1,25.8,24.9,18.7,15.7,4.3,6.1,0,이상없음,0
2021-08-15,26.9,21.7,457,32.4,1614,0,0,0,0,0,0,7,70,1252,3.7,50,1255,2.3,1984,50,18,41,1638,59.6,20.7,1003.6,1015.1,2354,1011.3,13,1013.4,13.6,10.2,1300,3.24,23.31,0,0,0,0,0,1.8,1.8,30.6,18.8,28.3,27.6,27.3,27.2,27,25.7,24.9,18.8,15.7,5.3,7.6,0,이상없음,0
2021-08-16,27.3,22.5,611,32.8,1627,0,0,0,0,0.92,0,6.9,70,449,3.7,160,1825,2.3,2007,50,18.8,39,1603,61.1,21.7,1004,1016.1,647,1011.2,1617,1013.7,13.6,10.4,1200,3.1,23.19,0,0,0,0,0,3.8,2.9,33.6,20.5,28.9,28.2,27.8,27.6,27.2,25.7,24.9,18.8,15.8,5.2,7.4,0,소나기,0
2021-08-17,25.9,21.9,2357,31.3,1347,1,1957,5.3,1944,4.67,9.3,9.6,110,1731,4.6,70,1722,2.4,2107,50,18.3,46,1411,65,21.1,1000.2,1013.2,2,1006.6,1702,1009.9,13.5,5.8,1100,3.14,17.49,0,0,0,0,0,5.5,4.4,30.6,20.3,28.5,28.1,27.9,27.8,27.4,25.7,24.9,18.9,15.8,3.7,5.3,13.8,소나기,0
2021-08-18,24.3,20.6,806,31,1511,1,742,2.9,713,3.97,5.6,9.7,70,1835,5.4,50,1838,2.8,2452,50,18,48,1502,69.6,20.7,1000.4,1012,934,1008.2,1551,1010.2,13.5,5.8,1200,3.33,17.87,0,0,0,0,0,5.3,3.9,25.1,18.7,26.9,26.5,26.7,27,27.2,25.7,24.9,19,15.9,4.5,6.4,1.1,비,0
2021-08-19,26,21,429,31.5,1533,0,0,0,0,0,0,8.6,110,1911,4,50,417,2.6,2231,50,16.6,42,1519,57.1,18.8,1001.6,1012.4,1040,1009.8,1521,1011.3,13.5,8.6,1100,3.1,20.95,0,0,0,0,0,4,3.8,29.1,18.4,26.8,26.3,26.3,26.5,26.7,25.7,24.9,19,15.9,4.9,7,0,이상없음,0
2021-08-20,26.6,22.6,609,30.7,1641,0,0,0,0,0.58,0,10.3,160,2303,5.1,140,2308,2.3,1997,50,18.9,50,1631,63.6,21.9,1001.4,1012.6,636,1009.1,1724,1011,13.5,5.5,1000,2.64,17.21,0,0,0,0,0,6.9,4.1,28.9,20.5,27.5,27,26.8,26.9,26.6,25.6,24.9,19.1,15.9,3.7,5.3,0.8,소나기,0
2021-08-21,23.8,21,1312,25.5,1600,11,1252,27.9,1219,11.33,62.8,11.4,290,1254,6.7,290,1302,2.7,2323,50,21.5,76,552,88.1,25.7,993.1,1009.8,1,996.8,1237,1002.8,13.4,1,1400,2.45,6.31,0,0,0,0,0,8.8,5.8,25.7,20.7,25.9,25.6,25.9,26.4,26.8,25.5,24.9,19.1,16,1.3,1.9,62,비,0.27
2021-08-22,24.4,22.4,524,27,1319,0,0,0,0,1,0,8.3,230,1200,4.4,230,1020,2.1,1824,250,20.9,63,1327,81.5,24.7,998.3,1010.5,2357,1004.9,1,1008,13.4,0.7,1200,2.03,8.64,0,0,0,0,0,8.6,3.5,24.7,19.3,25.9,25.4,25.2,25.6,25.8,25.5,24.9,19.2,16,1.9,2.7,0,비,0
2021-08-23,22.4,21,2132,24,1124,0,1849,2,1823,11.33,7.4,7.9,90,1940,3.3,90,1837,2,1752,50,20.5,78,1135,89.3,24.1,998.7,1011,208,1003.3,2347,1008.4,13.3,0,1100,0.52,3.81,0,0,0,0,0,9.5,4.9,22.9,18.8,24.9,24.6,24.8,25.3,25.7,25.3,24.9,19.2,16.1,0.9,1.3,8.2,박무,0
2021-08-24,23.4,21.1,1,26.4,1524,1,1336,2.8,1215,12.58,10.5,10.5,200,1907,6.1,200,1733,2.9,2529,50,22.3,89,109,93.6,27,989.8,1004.1,2400,996.5,1302,999.5,13.3,0,1000,0.79,4.58,0,0,0,0,0,10,7.3,24,20.4,24.7,24.3,24.3,24.7,25.2,25.1,24.8,19.3,16.1,1,1.4,10,비,0
2021-08-25,25,23.5,603,27.3,1502,0,0,0.3,150,4.25,0.3,6.8,140,1207,3.8,160,1729,1.8,1548,160,22.2,73,1529,85.5,26.8,996.4,1009.1,2358,1003.9,119,1006,13.3,0.7,1400,1.75,8.96,0,0,0,0,0,8.4,5.4,26.7,20,25.9,25.3,25,25,25.1,24.9,24.7,19.3,16.2,1.9,2.7,0,비,0
2021-08-26,25.5,22.9,523,27.9,1442,0,1526,0.7,1520,1.17,0.7,8.7,180,1610,5,180,1401,2.5,2118,230,22.7,75,1440,84.9,27.6,1001.8,1012.8,2005,1008.9,20,1011.5,13.2,0.2,1400,1.36,8.07,0,0,0,0,0,8.1,5.1,25.9,20.4,26.2,25.5,25.3,25.4,25.3,24.8,24.7,19.4,16.2,1.7,2.5,0.8,비,0
2021-08-27,22.4,20.4,2317,25.5,1,0,1400,0.7,1318,10.38,0.9,4.9,250,826,3.2,250,827,1.3,1111,290,19.4,67,836,83.5,22.6,1003.2,1014.4,2343,1011.7,1530,1013.1,13.2,0,1200,0.44,3.01,0,0,0,0,0,9.1,4,23.1,17.6,25.3,25,25.1,25.4,25.5,24.8,24.6,19.4,16.2,0.9,1.3,0.8,박무,0
2021-08-28,23.6,19.7,615,28.2,1443,0,0,0,0,0,0,7.3,270,1620,3.9,270,1628,1.8,1568,270,19.8,57,1506,80.4,23.1,1004.2,1015.5,652,1012.7,1833,1014,13.1,3.8,1100,2.61,15.44,0,0,0,0,0,8.4,4.1,25.1,17.1,25.3,24.7,24.5,24.7,25,24.7,24.6,19.4,16.3,2.9,4.1,0.9,박무,0
2021-08-29,23.7,21.9,752,26.3,1640,0,126,0.7,122,3.17,0.9,5.6,340,636,3.4,320,639,1.6,1379,270,20.4,65,1744,82.6,24,1004,1015.5,2341,1012.6,1528,1013.8,13.1,1,1100,1.87,9.6,0,0,0,0,0,8.6,4.4,24.3,19.1,25.6,25.2,25.1,25.2,25.1,24.6,24.5,19.5,16.3,1.9,2.7,0,비,0
2021-08-30,24.2,21.2,605,27.7,1543,0,0,0,0,1.17,0,4.5,270,1950,2.9,250,1935,1.4,1242,270,19.8,57,1447,77.5,23.1,1005.9,1016.8,935,1014.4,1549,1015.7,13.1,1.1,1300,1.78,12.46,0,0,0,0,0,8.3,5.6,25.3,19,25.7,25.1,24.9,25.1,25.1,24.5,24.4,19.5,16.3,2.4,3.4,0.1,비,0
2021-08-31,20.5,18.1,1810,23.1,1,4,2230,12.4,1356,16.55,77.4,9.3,70,1707,4.9,70,1710,2.3,1949,50,19.2,77,22,93.3,22.3,1004.6,1016.4,645,1010.5,2354,1014.5,13,0,900,0.4,2.39,0,0,0,0,0,9.9,6,21.2,17.8,23.6,23.5,24.1,24.7,25.1,24.5,24.4,19.5,16.4,0.7,1,78.1,비,0
2021-09-01,21.4,18.5,121,23.9,1525,0,1,3.1,-2331,4.08,0.8,9.1,50,1431,4.7,50,1436,2.9,2547,50,18.2,71,2147,83.1,21,999.7,1010.8,2312,1008,503,1009.5,13,0,1300,1.26,7.24,0,0,0,0,0,9.3,7.5,22.4,18.5,22.5,22.1,22.2,22.9,23.7,24.5,24.8,20.5,16.4,1.9,2.7,0,박무,0
2021-09-02,23.5,20.7,551,26.7,1359,0,0,0,0,0,0,6.4,50,905,3.4,70,754,2.1,1843,50,17.6,56,1404,70.3,20.2,999.9,1011.6,1017,1007.8,1651,1009.7,13,1.4,1200,2.27,13.24,0,0,0,0,0,8.3,7.3,24.4,18.2,24.1,23.5,23.2,23.4,23.6,24.2,24.7,20.7,16.5,3,4.3,0,이상없음,0
2021-09-03,24.3,20.6,455,29.2,1543,0,0,0,0,0,0,7.6,50,2317,4,50,1137,2.4,2104,70,15.6,38,1445,60.3,17.8,999.8,1012.4,2346,1007.9,1551,1009.5,12.9,11.2,1200,3.3,24.64,0,0,0,0,0,1.9,1.9,26.7,18.3,25.2,24.5,24.2,24.1,23.9,24,24.5,20.4,16.5,5.3,7.6,0,이상없음,0
2021-09-04,23.2,18.5,548,28.6,1505,0,0,0,0,0,0,7.2,50,1857,3.7,70,1014,2.7,2298,50,14,45,1326,57,16,1005.3,1017.4,2354,1012.4,1,1015.1,12.9,9.3,1200,3.13,20.58,0,0,0,0,0,4.4,0.5,25.7,16.1,24.7,24.2,24.2,24.4,24.3,23.9,24.3,20.2,16.6,4.7,6.8,0,햇무리,0
2021-09-05,23.1,19.4,458,27.3,1311,0,0,0,0,0,0,10.3,90,1227,4.9,50,1656,3.2,2763,50,15.1,51,1253,61.1,17.2,1008.4,1020.1,2315,1016.8,1527,1018.2,12.8,4.6,1200,2.88,15.83,0,0,0,0,0,5.8,1.6,23.8,16.8,24.3,23.9,23.9,24.2,24.3,23.9,24.2,20.1,16.6,4,5.7,0,이상없음,0
2021-09-06,22.3,18,2345,26.4,1252,1,2014,4,2138,9.17,12,11.7,70,1108,5.5,70,952,3.2,2789,70,16.2,51,1219,70.1,18.5,1006.1,1020,1,1013,1818,1016,12.8,2.4,1100,2.12,12.02,0,0,0,0,0,8.9,3.4,23.2,17.2,23.9,23.5,23.7,24,24.2,23.8,24.1,20.1,16.7,2.6,3.7,23.7,비,0
2021-09-07,19.6,17.6,112,20.9,1629,2,919,6.6,852,22.58,29.6,8.5,70,49,4.4,50,105,2.3,1964,50,19.2,94,1,98.1,22.3,997.9,1013.9,1,1005.2,1633,1007.8,12.8,0,1200,0.27,1.8,0,0,0,0,0,10,7.8,20.4,17.1,22.2,21.9,22.4,23.1,23.8,23.8,24,20,16.7,0.6,0.8,19.5,비,0
2021-09-08,22.2,19,543,26.9,1428,0,231,0.7,149,6.67,1.6,6.8,270,1410,4.2,270,1614,1.7,1450,270,18.5,58,1420,81.3,21.3,1000.5,1013.3,2358,1007.2,1,1010.3,12.7,7.1,1100,2.81,18.18,0,0,0,0,0,4.5,4.5,23.7,15,23.8,23.2,22.8,23,23.2,23.6,23.9,20,16.7,3.3,4.8,0,안개비,0
2021-09-09,23.5,19.1,432,29.1,1610,0,0,0,0,0,0,4.6,50,1041,3,20,1008,1.5,1277,20,18.7,47,1501,76.5,21.7,1003.6,1014.7,659,1011.8,1534,1013.4,12.7,8,1300,3.01,18.9,0,0,0,0,0,6.5,1.5,25.5,14.7,24.5,23.9,23.6,23.6,23.5,23.5,23.9,20.1,16.8,3.3,4.7,0,이상없음,0
2021-09-10,23.6,19.5,615,28.9,1423,0,0,0,0,0,0,7.4,290,1712,4.3,290,1715,1.9,1684,20,18.8,49,1427,76,21.7,1003.2,1014,852,1011.1,1534,1013,12.6,6.4,1200,3.01,16.96,0,0,0,0,0,3.9,2.1,25.6,14.9,25,24.4,24.1,24.1,23.9,23.4,23.8,20.1,16.8,3.5,4.9,0,이상없음,0
2021-09-11,24,19.9,619,29.4,1449,0,0,0,0,0,0,9.2,360,1833,5.6,320,1842,1.7,1459,20,18.5,49,1453,73.1,21.3,1002.7,1014.3,720,1010.3,1515,1012.5,12.6,8.7,1300,3.02,19.54,0,0,0,0,0,2,2,25.8,15.5,25.3,24.6,24.4,24.4,24.1,23.4,23.7,20.1,16.9,4,5.7,0,이상없음,0
2021-09-12,24.2,19.2,624,29.8,1557,0,0,0,0,0,0,6.8,290,1409,4.4,320,1230,1.8,1581,270,16.8,41,1609,64.6,19.1,1003.2,1015.3,2341,1010.8,113,1013,12.6,10.2,1200,3.12,22.15,0,0,0,0,0,1.9,1.5,26.4,15.4,25.3,24.7,24.5,24.6,24.2,23.5,23.7,20.1,16.9,4.8,6.8,0,이상없음,0
2021-09-13,24.8,20.8,610,30.3,1504,0,0,0,0,0,0,6.9,50,1232,3.9,50,1118,2.4,2065,50,18.1,49,1638,67.1,20.8,1006.4,1017.7,950,1014.5,1602,1016.2,12.5,6.1,1200,3.17,17.61,0,0,0,0,0,6.9,1.3,26.9,15.5,25.4,24.8,24.6,24.6,24.4,23.5,23.6,20,16.9,3.9,5.5,0,이상없음,0
2021-09-14,24.6,20,615,29.5,1626,0,0,0,0,0,0,10,50,2338,5.6,50,2346,2.6,2264,50,16.6,41,1554,63.3,18.9,1005.4,1016.9,131,1013.3,1552,1015.2,12.5,10.3,1200,3.23,21.88,0,0,0,0,0,2.4,0,27.8,14.4,25.4,24.9,24.8,24.8,24.5,23.6,23.6,20,17,5.4,7.7,0,이상없음,0
2021-09-15,23.6,19.5,620,28.9,1442,0,0,0,0,0,0,11.7,20,1148,5.9,50,1847,3.6,3129,70,14.5,44,1402,57.5,16.5,1006.2,1017.2,2126,1014.2,1544,1016,12.4,11.4,1200,3.15,22.62,0,0,0,0,0,0.6,0.6,27,14,25,24.6,24.6,24.7,24.5,23.6,23.6,20,17,5.4,7.8,0,이상없음,0
2021-09-16,22.9,18,551,27.3,1323,0,0,0,0,0,0,8.6,50,911,4.6,50,913,2.6,2213,50,14.7,46,1335,61.1,16.8,1002.8,1016.3,1,1010.1,1607,1012.6,12.4,9.1,1100,3.06,20.18,0,0,0,0,0,5.1,0,26.6,12.6,24.5,24.1,24.1,24.4,24.4,23.6,23.6,20,17,4.1,5.8,0,이상없음,0
2021-09-17,23.5,20.5,658,28.2,1506,0,0,0,0,0,0,12.2,70,1301,5.8,70,1306,3,2567,50,15.5,45,1558,61.4,17.6,999.7,1011.9,2339,1006.7,1502,1009.5,12.4,6.6,1300,3.01,18.05,0,0,0,0,0,3.8,2.1,27.6,15.1,24.9,24.4,24.2,24.4,24.3,23.7,23.6,20,17.1,4.5,6.5,0,채운,0
2021-09-18,23.9,18.9,653,29.8,1529,0,0,0,0,0,0,6.4,270,2013,4,290,2017,1.6,1401,50,16.6,44,1535,65.1,19,1004.4,1016.2,2337,1011.9,1,1014.2,12.3,8.8,1200,2.89,19.77,0,0,0,0,0,2.3,1.8,29.4,13.3,24.8,24.3,24.2,24.4,24.3,23.6,23.6,20,17.1,4,5.7,0,이상없음,0
2021-09-19,23.7,20.8,2356,27.8,1513,0,0,0,0,0,0,5,70,1729,3,160,1039,1.9,1669,50,16,49,1533,62.9,18.3,1005.6,1017,759,1014,1647,1015.4,12.3,2.8,1000,2.31,13.97,0,0,0,0,0,6.3,4.8,26.8,14.3,25.1,24.6,24.5,24.6,24.4,23.7,23.6,20,17.1,3.2,4.6,0,이상없음,0
2021-09-20,23.7,19,603,28.4,1523,0,0,0,0,0,0,12.5,110,1654,6.2,140,1658,2.7,2293,90,16.2,48,1624,63.6,18.4,1000.8,1015.1,8,1006.5,2357,1010.5,12.3,10.3,1200,2.95,19.86,0,0,0,0,0,5.9,0.9,29,14.1,24.6,24.2,24.1,24.3,24.3,23.7,23.6,20,17.2,4.1,5.9,40.6,이상없음,0
2021-09-21,22,17.4,2353,26.2,1446,7,2333,27.1,2312,9.58,68.1,11.9,320,2220,7.1,320,2245,2.9,2504,180,19.2,59,1628,85.1,22.3,995.1,1006.9,51,1003.4,1454,1004.9,12.2,4.3,1400,2.48,11.84,0,0,0,0,0,8,7,23.9,16.4,24.2,23.8,23.8,24.1,24.2,23.7,23.6,20,17.2,2.5,3.6,32,비,0
2021-09-22,20.2,16.8,436,24.3,1524,1,5,4.2,1,2,4.5,11.7,230,1229,6.2,270,1444,2.7,2320,250,16.1,56,1634,79,18.4,998.5,1012.8,2354,1005.6,251,1008.4,12.2,6.5,1500,1.86,14.89,0,0,0,0,0,4.1,3.9,22,12.3,22.6,22.3,22.6,23.2,23.6,23.7,23.7,20,17.2,3.1,4.5,0,박무,0
2021-09-23,20.9,16.9,300,25.9,1617,0,0,0,0,0,0,10.9,320,1205,6.5,320,1214,2.4,2084,270,14.2,48,1618,67.3,16.2,1006.6,1019.5,2326,1012.7,1,1016.6,12.1,8,1200,2.91,18.01,0,0,0,0,0,3.4,2.6,22.7,11.9,22.4,22.1,22.3,22.8,23.3,23.6,23.8,20.1,17.3,3.6,5.2,0,이상없음,0
2021-09-24,21.8,16.7,619,26.9,1529,0,0,0,0,0,0,6.9,50,1459,3.8,50,2159,2.2,1903,50,15.2,46,1502,67.5,17.2,1012.3,1024.1,2343,1019.5,1,1022.3,12.1,9.9,1100,2.54,18.34,0,0,0,0,0,1.5,0.6,23.1,12.1,22.7,22.3,22.4,22.8,23.1,23.4,23.7,20.1,17.3,3.7,5.3,0,이상없음,0
2021-09-25,21.2,18.7,427,23.1,1607,0,0,0,0,0,0,6.4,50,1213,3.5,50,1152,2.3,1961,50,16,66,1153,72.6,18.2,1013.1,1025.3,932,1021.7,1502,1023.1,12.1,0,1100,1.14,7.2,0,0,0,0,0,8.6,5.3,21.1,14.3,22.6,22.3,22.4,22.9,23.1,23.3,23.7,20.1,17.3,1.9,2.7,0,달무리,0
2021-09-26,22.6,18.4,645,27.3,1535,0,0,0,0,0,0,7.2,70,2158,3.6,50,2125,2.3,1957,70,15,50,1255,63,17.1,1010.4,1022.7,1,1018.3,1554,1020.3,12,8.3,1200,2.7,18.13,0,0,0,0,0,6.8,2.6,23.9,14.6,23.2,22.6,22.5,22.8,23,23.2,23.6,20.1,17.4,3.8,5.4,0,햇무리,0
2021-09-27,21.6,18.7,544,25,1208,0,0,0,0,5.67,0,6.6,50,636,3.7,140,1258,2.4,2040,70,14.8,52,1214,66,16.9,1005.8,1019,1,1014,1756,1015.7,12,2.2,1100,2.86,11.36,0,0,0,0,0,8.3,5.4,21.6,16.1,23.1,22.7,22.8,23,23.1,23.1,23.5,20.1,17.4,2.6,3.7,0,비,0
2021-09-28,21.5,19.6,410,24.4,1247,0,2000,0.7,2100,9.28,1.3,6.3,110,1535,3.7,140,1814,2.2,1887,50,16.6,54,1349,75.1,19,1002.6,1014.8,124,1010.2,2353,1012.5,11.9,0.7,1100,2,9.29,0,0,0,0,0,9.8,6.3,22.5,17.2,23.2,22.8,22.7,23,23.1,23.1,23.5,20.1,17.4,1.9,2.7,9,비,0
2021-09-29,20.2,17.8,2400,21.4,1132,1,522,5,847,12.25,13.1,9.4,230,856,4.4,230,903,1.7,1496,50,19,87,1600,93.5,22,997.9,1010.2,1,1006.2,1352,1007.8,11.9,0,1400,0.53,2.85,0,0,0,0,0,7.6,5.3,21.1,13.6,22.8,22.4,22.5,22.9,23.1,23,23.4,20.1,17.4,0.7,1,5.4,비,0
2021-09-30,20.3,16,609,25.9,1506,0,0,0,0,0,0,5.2,290,1426,3.3,270,1439,1.5,1312,20,17.3,62,1520,83.9,19.7,999.2,1010.5,911,1007.5,1558,1009.1,11.8,7.4,1200,2.88,17.2,0,0,0,0,0,2,2,22.2,12,22.4,22,22,22.4,22.8,23,23.4,20.1,17.5,3,4.3,0,박무,0
2021-10-01,21.1,16.9,605,27.5,1416,8,2202,12.7,2153,2.17,13.3,20.9,320,2212,10.6,290,2216,2.4,2075,270,16.1,42,1506,75.8,18.3,998.8,1012.7,2205,1006.7,1449,1008.6,11.8,9.3,1200,2.7,18.42,0,0,0,0,0,2.9,2.4,22.9,12.1,22.6,22.2,22.2,22.5,22.7,22.9,23.3,20.1,17.5,3.6,5.1,13.3,비,0
2021-10-02,20.7,16.4,540,26.6,1516,0,0,0,0,0,0,5.7,50,18,3.3,250,1654,1.6,1391,20,16.1,50,1620,77.1,18.3,1003.6,1016.7,2333,1009.5,38,1013.5,11.8,8.1,1300,2.63,16.92,0,0,0,0,0,4,3.4,23.2,13.6,22.6,22.2,22.2,22.5,22.6,22.8,23.2,20.1,17.5,3.2,4.5,0,이상없음,0
2021-10-03,22.3,17.1,552,28.8,1447,0,0,0,0,0,0,7.3,180,1617,4.5,180,1457,1.9,1659,50,15.8,40,1456,69.5,18,1008.4,1020,937,1016.7,1,1018.3,11.7,8.4,1200,2.73,17.47,0,0,0,0,0,2,0,22.9,12.2,22.8,22.4,22.3,22.6,22.7,22.7,23.2,20.1,17.5,3.6,5.2,0,박무,0
2021-10-04,22.9,19.2,223,25.6,1509,1,1751,3.5,1714,6.17,3.6,13.7,180,1405,6.1,200,1951,2.9,2526,200,19.4,71,1,81,22.7,1009.2,1020.4,632,1017.4,1511,1019.1,11.7,0,1300,0.61,2.97,0,0,0,0,0,9.5,6.6,21.7,13.5,22.6,22.1,22.2,22.5,22.7,22.7,23.1,20.1,17.6,1.4,2,3.6,비,0
2021-10-05,23.6,21.7,2338,26.5,1335,0,0,0,0,2.92,0,11.5,180,1203,6.2,180,1354,3.3,2815,200,20.3,65,1344,82.4,23.9,1010.1,1020.8,848,1018.9,1437,1020,11.7,1.5,1300,2,8.11,0,0,0,0,0,8.1,7.9,23.2,20.8,23.8,23.1,22.8,22.8,22.7,22.6,23.1,20.1,17.6,1.8,2.6,4.2,비,0